trade_date,open,high,low,close,volume
2015-01-01,8200.00,8224.60,8152.51,8177.04,1000000
2015-01-02,8177.04,8211.07,8152.51,8186.51,1010000
2015-01-05,8186.51,8211.07,8155.14,8179.68,1020000
2015-01-06,8179.68,8229.85,8155.14,8205.24,1030000
2015-01-07,8205.24,8239.16,8180.62,8214.52,1040000
2015-01-08,8214.52,8239.16,8182.83,8207.45,1050000
2015-01-09,8207.45,8257.55,8182.83,8232.86,1060000
2015-01-12,8232.86,8266.66,8208.16,8241.93,1070000
2015-01-13,8241.93,8266.66,8209.88,8234.58,1080000
2015-01-14,8234.58,8284.59,8209.88,8259.81,1090000
2015-01-15,8259.81,8293.43,8235.03,8268.63,1100000
2015-01-16,8268.63,8293.43,8236.17,8260.95,1110000
2015-01-19,8260.95,8310.80,8236.17,8285.94,1120000
2015-01-20,8285.94,8319.33,8261.08,8294.45,1130000
2015-01-21,8294.45,8319.33,8261.52,8286.38,1140000
2015-01-22,8286.38,8335.99,8261.52,8311.05,1150000
2015-01-23,8311.05,8344.13,8286.12,8319.17,1160000
2015-01-26,8319.17,8344.13,8285.70,8310.63,1170000
2015-01-27,8310.63,8359.90,8285.70,8334.90,1180000
2015-01-28,8334.90,8367.55,8309.89,8342.53,1190000
2015-01-29,8342.53,8408.21,8317.50,8383.06,1200000
2015-01-30,8383.06,8432.17,8357.91,8406.95,1210000
2015-02-02,8406.95,8439.26,8381.73,8414.02,1220000
2015-02-03,8414.02,8479.60,8388.78,8454.23,1230000
2015-02-04,8454.23,8503.05,8428.87,8477.62,1240000
2015-02-05,8477.62,8509.45,8452.19,8483.99,1250000
2015-02-06,8483.99,8549.31,8458.54,8523.74,1260000
2015-02-09,8523.74,8572.11,8498.17,8546.47,1270000
2015-02-10,8546.47,8577.65,8520.83,8552.00,1280000
2015-02-11,8552.00,8616.88,8526.34,8591.11,1290000
2015-02-12,8591.11,8638.85,8565.34,8613.01,1300000
2015-02-13,8613.01,8643.37,8587.17,8617.52,1310000
2015-02-16,8617.52,8681.78,8591.66,8655.81,1320000
2015-02-17,8655.81,8702.73,8629.85,8676.70,1330000
2015-02-18,8676.70,8706.03,8650.67,8679.99,1340000
2015-02-19,8679.99,8743.42,8653.95,8717.27,1350000
2015-02-20,8717.27,8763.15,8691.12,8736.94,1360000
2015-02-23,8736.94,8817.18,8710.73,8790.81,1370000
2015-02-24,8790.81,8853.53,8764.44,8827.05,1380000
2015-02-25,8827.05,8871.93,8800.57,8845.39,1390000
2015-02-26,8845.39,8924.98,8818.86,8898.29,1400000
2015-02-27,8898.29,8960.05,8871.59,8933.25,1410000
2015-03-02,8933.25,8976.86,8906.45,8950.01,1420000
2015-03-03,8950.01,9028.67,8923.16,9001.66,1430000
2015-03-04,9001.66,9062.18,8974.66,9035.08,1440000
2015-03-05,9035.08,9077.15,9007.97,9050.00,1450000
2015-03-06,9050.00,9127.41,9022.85,9100.11,1460000
2015-03-09,9100.11,9159.09,9072.81,9131.69,1470000
2015-03-10,9131.69,9171.92,9104.30,9144.49,1480000
2015-03-11,9144.49,9220.34,9117.06,9192.77,1490000
2015-03-12,9192.77,9249.89,9165.19,9222.22,1000000
2015-03-13,9222.22,9260.30,9194.55,9232.61,1010000
2015-03-16,9232.61,9306.56,9204.91,9278.73,1020000
2015-03-17,9278.73,9333.66,9250.89,9305.74,1030000
2015-03-18,9305.74,9396.90,9277.83,9368.79,1040000
2015-03-19,9368.79,9440.93,9340.69,9412.69,1050000
2015-03-20,9412.69,9465.41,9384.45,9437.10,1060000
2015-03-23,9437.10,9526.45,9408.79,9497.96,1070000
2015-03-24,9497.96,9567.89,9469.46,9539.27,1080000
2015-03-25,9539.27,9589.41,9510.65,9560.72,1090000
2015-03-26,9560.72,9647.85,9532.04,9619.00,1100000
2015-03-27,9619.00,9686.33,9590.14,9657.35,1110000
2015-03-30,9657.35,9704.52,9628.38,9675.49,1120000
2015-03-31,9675.49,9759.98,9646.46,9730.79,1130000
2015-04-01,9730.79,9795.11,9701.60,9765.82,1140000
2015-04-02,9765.82,9809.62,9736.52,9780.28,1150000
2015-04-03,9780.28,9861.71,9750.94,9832.21,1160000
2015-04-06,9832.21,9893.12,9802.71,9863.53,1170000
2015-04-07,9863.53,9903.59,9833.94,9873.97,1180000
2015-04-08,9873.97,9951.90,9844.34,9922.13,1190000
2015-04-09,9922.13,9979.22,9892.37,9949.38,1200000
2015-04-10,9949.38,10044.69,9919.53,10014.64,1210000
2015-04-13,10014.64,10089.10,9984.60,10058.93,1220000
2015-04-14,10058.93,10112.12,10028.75,10081.87,1230000
2015-04-15,10081.87,10173.67,10051.62,10143.24,1240000
2015-04-16,10143.24,10213.76,10112.81,10183.21,1250000
2015-04-17,10183.21,10232.07,10152.66,10201.46,1260000
2015-04-20,10201.46,10289.27,10170.86,10258.49,1270000
2015-04-21,10258.49,10324.62,10227.72,10293.74,1280000
2015-04-22,10293.74,10337.84,10262.86,10306.92,1290000
2015-04-23,10306.92,10390.26,10276.00,10359.18,1300000
2015-04-24,10359.18,10420.49,10328.10,10389.32,1310000
2015-04-27,10389.32,10428.25,10358.15,10397.06,1320000
2015-04-28,10397.06,10475.48,10365.87,10444.15,1330000
2015-04-29,10444.15,10500.21,10412.82,10468.81,1340000
2015-04-30,10468.81,10502.21,10437.40,10470.80,1350000
2015-05-01,10470.80,10543.87,10439.38,10512.34,1360000
2015-05-04,10512.34,10562.77,10480.80,10531.18,1370000
2015-05-05,10531.18,10621.55,10499.58,10589.78,1380000
2015-05-06,10589.78,10657.51,10558.01,10625.64,1390000
2015-05-07,10625.64,10670.35,10593.76,10638.44,1400000
2015-05-08,10638.44,10723.40,10606.52,10691.33,1410000
2015-05-11,10691.33,10753.29,10659.26,10721.13,1420000
2015-05-12,10721.13,10759.75,10688.96,10727.56,1430000
2015-05-13,10727.56,10806.68,10695.38,10774.36,1440000
2015-05-14,10774.36,10830.15,10742.03,10797.76,1450000
2015-05-15,10797.76,10830.15,10765.16,10797.55,1460000
2015-05-18,10797.55,10870.42,10765.16,10837.90,1470000
2015-05-19,10837.90,10887.19,10805.39,10854.63,1480000
2015-05-20,10854.63,10887.19,10815.00,10847.54,1490000
2015-05-21,10847.54,10913.81,10815.00,10881.16,1000000
2015-05-22,10881.16,10923.64,10848.52,10890.97,1010000
2015-05-25,10890.97,10923.64,10844.20,10876.83,1020000
2015-05-26,10876.83,10936.20,10844.20,10903.49,1030000
2015-05-27,10903.49,10938.92,10870.78,10906.20,1040000
2015-05-28,10906.20,10982.64,10873.48,10949.79,1050000
2015-05-29,10949.79,11002.33,10916.94,10969.42,1060000
2015-06-01,10969.42,11002.33,10932.01,10964.91,1070000
2015-06-02,10964.91,11034.46,10932.01,11001.46,1080000
2015-06-03,11001.46,11046.90,10968.45,11013.86,1090000
2015-06-04,11013.86,11046.90,10968.97,11001.98,1100000
2015-06-05,11001.98,11064.39,10968.97,11031.29,1110000
2015-06-08,11031.29,11069.45,10998.20,11036.34,1120000
2015-06-09,11036.34,11069.45,10983.97,11017.02,1130000
2015-06-10,11017.02,11072.08,10983.97,11038.97,1140000
2015-06-11,11038.97,11072.08,11003.47,11036.58,1150000
2015-06-12,11036.58,11069.69,10976.80,11009.83,1160000
2015-06-15,11009.83,11057.41,10976.80,11024.33,1170000
2015-06-16,11024.33,11057.41,10981.48,11014.52,1180000
2015-06-17,11014.52,11047.56,10947.45,10980.39,1190000
2015-06-18,10980.39,11013.34,10816.08,10848.63,1200000
2015-06-19,10848.63,10881.18,10664.66,10696.75,1210000
2015-06-22,10696.75,10728.84,10494.02,10525.60,1220000
2015-06-23,10525.60,10557.18,10368.10,10399.29,1230000
2015-06-24,10399.29,10430.49,10222.94,10253.70,1240000
2015-06-25,10253.70,10300.01,10222.94,10269.20,1250000
2015-06-26,10269.20,10300.01,10231.30,10262.09,1260000
2015-06-29,10262.09,10292.87,10201.66,10232.36,1270000
2015-06-30,10232.36,10271.78,10201.66,10241.05,1280000
2015-07-01,10241.05,10271.78,10196.52,10227.20,1290000
2015-07-02,10227.20,10257.88,10160.29,10190.86,1300000
2015-07-03,10190.86,10223.44,10160.29,10192.86,1310000
2015-07-06,10192.86,10223.44,10141.93,10172.44,1320000
2015-07-07,10172.44,10202.96,10099.32,10129.71,1330000
2015-07-08,10129.71,10160.10,10094.81,10125.18,1340000
2015-07-09,10125.18,10155.56,10068.13,10098.43,1350000
2015-07-10,10098.43,10128.72,10019.44,10049.59,1360000
2015-07-13,10049.59,10079.74,10008.64,10038.75,1370000
2015-07-14,10038.75,10068.87,9975.91,10005.93,1380000
2015-07-15,10005.93,10040.88,9975.91,10010.85,1390000
2015-07-16,10010.85,10040.88,9963.89,9993.88,1400000
2015-07-17,9993.88,10023.86,9925.22,9955.08,1410000
2015-07-20,9955.08,9984.95,9924.07,9953.94,1420000
2015-07-21,9953.94,9983.80,9901.27,9931.07,1430000
2015-07-22,9931.07,9960.86,9856.94,9886.60,1440000
2015-07-23,9886.60,9916.26,9849.99,9879.63,1450000
2015-07-24,9879.63,9909.27,9821.60,9851.16,1460000
2015-07-27,9851.16,9880.71,9771.95,9801.36,1470000
2015-07-28,9801.36,9830.76,9759.47,9788.84,1480000
2015-07-29,9788.84,9818.20,9725.83,9755.10,1490000
2015-07-30,9755.10,9784.36,9671.23,9700.33,1000000
2015-07-31,9700.33,9729.43,9653.54,9682.59,1010000
2015-08-03,9682.59,9711.64,9615.01,9643.94,1020000
2015-08-04,9643.94,9672.87,9555.86,9584.61,1030000
2015-08-05,9584.61,9613.37,9533.31,9562.00,1040000
2015-08-06,9562.00,9590.68,9490.27,9518.83,1050000
2015-08-07,9518.83,9547.38,9483.46,9511.99,1060000
2015-08-10,9511.99,9540.53,9456.26,9484.72,1070000
2015-08-11,9484.72,9513.17,9408.83,9437.15,1080000
2015-08-12,9437.15,9465.46,9397.45,9425.72,1090000
2015-08-13,9425.72,9454.00,9365.94,9394.12,1100000
2015-08-14,9394.12,9422.31,9314.50,9342.53,1110000
2015-08-17,9342.53,9370.56,9298.86,9326.84,1120000
2015-08-18,9326.84,9354.82,9263.41,9291.28,1130000
2015-08-19,9291.28,9319.16,9208.34,9236.05,1140000
2015-08-20,9236.05,9263.76,9188.80,9216.45,1150000
2015-08-21,9216.45,9244.09,9149.76,9177.29,1160000
2015-08-24,9177.29,9204.82,9091.46,9118.82,1170000
2015-08-25,9118.82,9146.18,9068.36,9095.65,1180000
2015-08-26,9095.65,9122.94,9026.12,9053.28,1190000
2015-08-27,9053.28,9080.44,8964.99,8991.97,1200000
2015-08-28,8991.97,9018.94,8938.69,8965.59,1210000
2015-08-31,8965.59,8992.49,8893.63,8920.39,1220000
2015-09-01,8920.39,8947.15,8882.98,8909.71,1230000
2015-09-02,8909.71,8936.44,8853.67,8880.31,1240000
2015-09-03,8880.31,8906.95,8805.86,8832.36,1250000
2015-09-04,8832.36,8858.86,8792.25,8818.70,1260000
2015-09-07,8818.70,8845.16,8760.24,8786.60,1270000
2015-09-08,8786.60,8812.96,8710.04,8736.25,1280000
2015-09-09,8736.25,8762.46,8693.77,8719.93,1290000
2015-09-10,8719.93,8746.09,8659.40,8685.45,1300000
2015-09-11,8685.45,8711.51,8607.13,8633.03,1310000
2015-09-14,8633.03,8658.93,8588.50,8614.34,1320000
2015-09-15,8614.34,8640.18,8552.07,8577.80,1330000
2015-09-16,8577.80,8603.54,8498.06,8523.63,1340000
2015-09-17,8523.63,8549.20,8477.36,8502.87,1350000
2015-09-18,8502.87,8528.38,8439.18,8464.58,1360000
2015-09-21,8464.58,8489.97,8383.75,8408.98,1370000
2015-09-22,8408.98,8434.20,8361.27,8386.43,1380000
2015-09-23,8386.43,8411.59,8321.63,8346.67,1390000
2015-09-24,8346.67,8371.71,8314.58,8339.59,1400000
2015-09-25,8339.59,8364.61,8290.45,8315.39,1410000
2015-09-28,8315.39,8340.34,8249.38,8274.20,1420000
2015-09-29,8274.20,8299.02,8240.69,8265.49,1430000
2015-09-30,8265.49,8290.28,8215.15,8239.87,1440000
2015-10-01,8239.87,8264.59,8172.89,8197.49,1450000
2015-10-02,8197.49,8222.08,8162.80,8187.36,1460000
2015-10-05,8187.36,8211.92,8136.07,8160.55,1470000
2015-10-06,8160.55,8185.04,8092.86,8117.21,1480000
2015-10-07,8117.21,8141.57,8081.57,8105.89,1490000
2015-10-08,8105.89,8130.21,8053.87,8078.11,1000000
2015-10-09,8078.11,8102.34,8009.92,8034.02,1010000
2015-10-12,8034.02,8058.13,7997.63,8021.69,1020000
2015-10-13,8021.69,8045.76,7969.16,7993.14,1030000
2015-10-14,7993.14,8017.12,7924.66,7948.51,1040000
2015-10-15,7948.51,7972.35,7911.54,7935.35,1050000
2015-10-16,7935.35,7959.16,7882.48,7906.19,1060000
2015-10-19,7906.19,7931.96,7882.48,7908.24,1070000
2015-10-20,7908.24,7931.96,7870.65,7894.34,1080000
2015-10-21,7894.34,7918.02,7840.97,7864.57,1090000
2015-10-22,7864.57,7889.47,7840.97,7865.88,1100000
2015-10-23,7865.88,7889.47,7827.82,7851.37,1110000
2015-10-26,7851.37,7874.93,7797.66,7821.13,1120000
2015-10-27,7821.13,7845.30,7797.66,7821.83,1130000
2015-10-28,7821.83,7845.30,7783.43,7806.85,1140000
2015-10-29,7806.85,7830.27,7752.92,7776.25,1150000
2015-10-30,7776.25,7799.78,7752.92,7776.46,1160000
2015-11-02,7776.46,7799.78,7737.81,7761.10,1170000
2015-11-03,7761.10,7784.38,7707.05,7730.24,1180000
2015-11-04,7730.24,7753.43,7706.86,7730.05,1190000
2015-11-05,7730.05,7753.24,7691.26,7714.41,1200000
2015-11-06,7714.41,7737.55,7660.34,7683.39,1210000
2015-11-09,7683.39,7706.44,7659.82,7682.87,1220000
2015-11-10,7682.87,7705.92,7644.01,7667.01,1230000
2015-11-11,7667.01,7704.56,7644.01,7681.52,1240000
2015-11-12,7681.52,7704.56,7657.68,7680.73,1250000
2015-11-13,7680.73,7703.77,7641.63,7664.62,1260000
2015-11-16,7664.62,7701.91,7641.63,7678.88,1270000
2015-11-17,7678.88,7701.91,7654.82,7677.86,1280000
2015-11-18,7677.86,7700.89,7638.55,7661.54,1290000
2015-11-19,7661.54,7698.60,7638.55,7675.58,1300000
2015-11-20,7675.58,7698.60,7651.33,7674.35,1310000
2015-11-23,7674.35,7697.37,7634.86,7657.84,1320000
2015-11-24,7657.84,7694.69,7634.86,7671.67,1330000
2015-11-25,7671.67,7694.69,7647.24,7670.25,1340000
2015-11-26,7670.25,7693.26,7630.59,7653.55,1350000
2015-11-27,7653.55,7690.17,7630.59,7667.17,1360000
2015-11-30,7667.17,7690.17,7642.55,7665.54,1370000
2015-12-01,7665.54,7688.54,7625.69,7648.64,1380000
2015-12-02,7648.64,7685.02,7625.69,7662.03,1390000
2015-12-03,7662.03,7685.02,7637.20,7660.18,1400000
2015-12-04,7660.18,7711.69,7637.20,7688.62,1410000
2015-12-07,7688.62,7724.94,7665.56,7701.83,1420000
2015-12-08,7701.83,7724.94,7676.59,7699.69,1430000
2015-12-09,7699.69,7751.18,7676.59,7727.99,1440000
2015-12-10,7727.99,7764.18,7704.81,7740.96,1450000
2015-12-11,7740.96,7764.18,7715.26,7738.48,1460000
2015-12-14,7738.48,7789.87,7715.26,7766.57,1470000
2015-12-15,7766.57,7802.56,7743.27,7779.22,1480000
2015-12-16,7779.22,7802.56,7753.00,7776.33,1490000
2015-12-17,7776.33,7827.53,7753.00,7804.12,1000000
2015-12-18,7804.12,7839.82,7780.71,7816.37,1010000
2015-12-21,7816.37,7839.82,7789.52,7812.96,1020000
2015-12-22,7812.96,7863.88,7789.52,7840.36,1030000
2015-12-23,7840.36,7875.66,7816.84,7852.10,1040000
2015-12-24,7852.10,7875.66,7824.53,7848.08,1050000
2015-12-25,7848.08,7898.58,7824.53,7874.96,1060000
2015-12-28,7874.96,7909.73,7851.33,7886.07,1070000
2015-12-29,7886.07,7952.01,7862.41,7928.22,1080000
2015-12-30,7928.22,7978.47,7904.44,7954.61,1090000
2015-12-31,7954.61,7988.91,7930.74,7965.02,1100000
2016-01-01,7965.02,8030.75,7941.12,8006.73,1110000
2016-01-04,8006.73,8056.56,7982.71,8032.46,1120000
2016-01-05,8032.46,8066.13,8008.36,8042.00,1130000
2016-01-06,8042.00,8107.35,8017.88,8083.10,1140000
2016-01-07,8083.10,8132.32,8058.85,8108.00,1150000
2016-01-08,8108.00,8140.85,8083.67,8116.50,1160000
2016-01-11,8116.50,8181.26,8092.15,8156.78,1170000
2016-01-12,8156.78,8205.20,8132.31,8180.66,1180000
2016-01-13,8180.66,8212.48,8156.12,8187.92,1190000
2016-01-14,8187.92,8251.87,8163.36,8227.19,1200000
2016-01-15,8227.19,8274.58,8202.51,8249.83,1210000
2016-01-18,8249.83,8280.42,8225.08,8255.65,1220000
2016-01-19,8255.65,8318.56,8230.88,8293.68,1230000
2016-01-20,8293.68,8339.80,8268.79,8314.86,1240000
2016-01-21,8314.86,8393.59,8289.92,8368.49,1250000
2016-01-22,8368.49,8430.47,8343.38,8405.25,1260000
2016-01-25,8405.25,8450.13,8380.03,8424.86,1270000
2016-01-26,8424.86,8502.70,8399.58,8477.26,1280000
2016-01-27,8477.26,8538.03,8451.83,8512.49,1290000
2016-01-28,8512.49,8555.85,8486.95,8530.25,1300000
2016-01-29,8530.25,8606.89,8504.66,8581.15,1310000
2016-02-01,8581.15,8640.39,8555.40,8614.55,1320000
2016-02-02,8614.55,8656.08,8588.71,8630.19,1330000
2016-02-03,8630.19,8705.31,8604.30,8679.27,1340000
2016-02-04,8679.27,8736.68,8653.23,8710.55,1350000
2016-02-05,8710.55,8749.96,8684.42,8723.79,1360000
2016-02-08,8723.79,8797.04,8697.61,8770.73,1370000
2016-02-09,8770.73,8825.98,8744.42,8799.59,1380000
2016-02-10,8799.59,8836.54,8773.19,8810.11,1390000
2016-02-11,8810.11,8881.16,8783.68,8854.60,1400000
2016-02-12,8854.60,8907.36,8828.04,8880.72,1410000
2016-02-15,8880.72,8967.90,8854.08,8941.08,1420000
2016-02-16,8941.08,9009.98,8914.26,8983.03,1430000
2016-02-17,8983.03,9033.25,8956.08,9006.23,1440000
2016-02-18,9006.23,9091.26,8979.21,9064.07,1450000
2016-02-19,9064.07,9130.42,9036.88,9103.11,1460000
2016-02-22,9103.11,9150.42,9075.80,9123.05,1470000
2016-02-23,9123.05,9205.51,9095.68,9177.97,1480000
2016-02-24,9177.97,9241.38,9150.44,9213.74,1490000
2016-02-25,9213.74,9241.38,9075.87,9103.18,1000000
2016-02-26,9103.18,9130.49,8948.80,8975.73,1010000
2016-02-29,8975.73,9002.66,8805.62,8832.12,1020000
2016-03-01,8832.12,8858.62,8699.96,8726.14,1030000
2016-03-02,8726.14,8752.31,8578.16,8603.97,1040000
2016-03-03,8603.97,8655.68,8578.16,8629.79,1050000
2016-03-04,8629.79,8663.11,8603.90,8637.20,1060000
2016-03-07,8637.20,8703.51,8611.28,8677.47,1070000
2016-03-08,8677.47,8725.40,8651.44,8699.30,1080000
2016-03-09,8699.30,8780.50,8673.20,8754.24,1090000
2016-03-10,8754.24,8817.05,8727.98,8790.68,1100000
2016-03-11,8790.68,8834.75,8764.31,8808.33,1110000
2016-03-14,8808.33,8885.99,8781.90,8859.41,1120000
2016-03-15,8859.41,8918.32,8832.83,8891.65,1130000
2016-03-16,8891.65,8931.49,8864.97,8904.77,1140000
2016-03-17,8904.77,8978.48,8878.06,8951.62,1150000
2016-03-18,8951.62,9006.25,8924.77,8979.31,1160000
2016-03-21,8979.31,9014.58,8952.38,8987.61,1170000
2016-03-22,8987.61,9056.96,8960.65,9029.87,1180000
2016-03-23,9029.87,9079.86,9002.78,9052.70,1190000
2016-03-24,9052.70,9083.06,9025.55,9055.89,1200000
2016-03-25,9055.89,9120.52,9028.72,9093.24,1210000
2016-03-28,9093.24,9138.24,9065.96,9110.91,1220000
2016-03-29,9110.91,9138.24,9081.41,9108.74,1230000
2016-03-30,9108.74,9168.30,9081.41,9140.87,1240000
2016-03-31,9140.87,9180.60,9113.45,9153.14,1250000
2016-04-01,9153.14,9227.46,9125.68,9199.86,1260000
2016-04-04,9199.86,9254.36,9172.26,9226.68,1270000
2016-04-05,9226.68,9261.07,9199.00,9233.37,1280000
2016-04-06,9233.37,9302.58,9205.67,9274.75,1290000
2016-04-07,9274.75,9323.86,9246.93,9295.97,1300000
2016-04-08,9295.97,9324.73,9268.09,9296.84,1310000
2016-04-11,9296.84,9360.60,9268.95,9332.60,1320000
2016-04-12,9332.60,9376.03,9304.60,9347.98,1330000
2016-04-13,9347.98,9376.03,9314.81,9342.83,1340000
2016-04-14,9342.83,9400.84,9314.81,9372.72,1350000
2016-04-15,9372.72,9410.22,9344.61,9382.08,1360000
2016-04-18,9382.08,9410.22,9342.67,9370.78,1370000
2016-04-19,9370.78,9422.79,9342.67,9394.60,1380000
2016-04-20,9394.60,9425.97,9366.42,9397.78,1390000
2016-04-21,9397.78,9425.97,9352.10,9380.24,1400000
2016-04-22,9380.24,9426.05,9352.10,9397.86,1410000
2016-04-25,9397.86,9426.05,9366.59,9394.78,1420000
2016-04-26,9394.78,9455.15,9366.59,9426.87,1430000
2016-04-27,9426.87,9466.58,9398.59,9438.26,1440000
2016-04-28,9438.26,9466.58,9400.55,9428.83,1450000
2016-04-29,9428.83,9483.06,9400.55,9454.70,1460000
2016-05-02,9454.70,9488.14,9426.34,9459.76,1470000
2016-05-03,9459.76,9488.14,9415.61,9443.94,1480000
2016-05-04,9443.94,9491.88,9415.61,9463.49,1490000
2016-05-05,9463.49,9491.88,9433.79,9462.17,1000000
2016-05-06,9462.17,9490.56,9411.65,9439.97,1010000
2016-05-09,9439.97,9481.50,9411.65,9453.14,1020000
2016-05-10,9453.14,9481.50,9417.13,9445.47,1030000
2016-05-11,9445.47,9473.80,9388.70,9416.95,1040000
2016-05-12,9416.95,9452.04,9388.70,9423.77,1050000
2016-05-13,9423.77,9452.04,9381.57,9409.80,1060000
2016-05-16,9409.80,9438.03,9346.97,9375.09,1070000
2016-05-17,9375.09,9403.75,9346.97,9375.63,1080000
2016-05-18,9375.63,9403.75,9327.43,9355.49,1090000
2016-05-19,9355.49,9398.56,9327.43,9370.45,1100000
2016-05-20,9370.45,9398.56,9336.70,9364.80,1110000
2016-05-23,9364.80,9392.89,9310.51,9338.52,1120000
2016-05-24,9338.52,9375.38,9310.51,9347.34,1130000
2016-05-25,9347.34,9375.38,9307.60,9335.60,1140000
2016-05-26,9335.60,9363.61,9275.45,9303.36,1150000
2016-05-27,9303.36,9334.05,9275.45,9306.14,1160000
2016-05-30,9306.14,9334.05,9260.62,9288.48,1170000
2016-05-31,9288.48,9316.35,9222.72,9250.48,1180000
2016-06-01,9250.48,9278.23,9219.64,9247.38,1190000
2016-06-02,9247.38,9275.12,9196.35,9224.02,1200000
2016-06-03,9224.02,9251.69,9152.98,9180.52,1210000
2016-06-06,9180.52,9208.06,9144.25,9171.76,1220000
2016-06-07,9171.76,9199.28,9115.53,9142.95,1230000
2016-06-08,9142.95,9170.38,9066.98,9094.26,1240000
2016-06-09,9094.26,9121.55,9052.85,9080.09,1250000
2016-06-10,9080.09,9107.33,9019.00,9046.14,1260000
2016-06-13,9046.14,9073.56,9019.00,9046.42,1270000
2016-06-14,9046.42,9073.56,8999.93,9027.01,1280000
2016-06-15,9027.01,9054.09,8961.05,8988.01,1290000
2016-06-16,8988.01,9014.98,8956.18,8983.13,1300000
2016-06-17,8983.13,9010.08,8931.88,8958.75,1310000
2016-06-20,8958.75,8985.63,8888.27,8915.01,1320000
2016-06-21,8915.01,8941.76,8878.51,8905.22,1330000
2016-06-22,8905.22,8931.94,8849.55,8876.17,1340000
2016-06-23,8876.17,8902.80,8801.55,8828.04,1350000
2016-06-24,8828.04,8854.52,8787.18,8813.62,1360000
2016-06-27,8813.62,8840.07,8753.89,8780.23,1370000
2016-06-28,8780.23,8806.57,8701.87,8728.05,1380000
2016-06-29,8728.05,8754.24,8683.21,8709.34,1390000
2016-06-30,8709.34,8735.47,8645.93,8671.95,1400000
2016-07-01,8671.95,8697.97,8590.26,8616.11,1410000
2016-07-04,8616.11,8641.96,8567.65,8593.43,1420000
2016-07-05,8593.43,8619.21,8526.75,8552.40,1430000
2016-07-06,8552.40,8578.06,8518.55,8544.18,1440000
2016-07-07,8544.18,8569.81,8492.16,8517.72,1450000
2016-07-08,8517.72,8543.27,8447.75,8473.17,1460000
2016-07-11,8473.17,8498.59,8435.85,8461.23,1470000
2016-07-12,8461.23,8486.61,8406.01,8431.31,1480000
2016-07-13,8431.31,8456.60,8358.43,8383.58,1490000
2016-07-14,8383.58,8408.73,8343.12,8368.22,1000000
2016-07-15,8368.22,8393.33,8310.16,8335.17,1010000
2016-07-18,8335.17,8360.17,8259.75,8284.61,1020000
2016-07-19,8284.61,8309.46,8241.34,8266.14,1030000
2016-07-20,8266.14,8290.94,8205.59,8230.28,1040000
2016-07-21,8230.28,8254.97,8152.71,8177.24,1050000
2016-07-22,8177.24,8201.77,8131.52,8155.98,1060000
2016-07-25,8155.98,8180.45,8093.30,8117.65,1070000
2016-07-26,8117.65,8142.01,8038.28,8062.47,1080000
2016-07-27,8062.47,8086.66,8014.62,8038.74,1090000
2016-07-28,8038.74,8062.86,7974.27,7998.26,1100000
2016-07-29,7998.26,8022.26,7964.90,7988.87,1110000
2016-08-01,7988.87,8012.83,7938.92,7962.81,1120000
2016-08-02,7962.81,7986.70,7896.49,7920.25,1130000
2016-08-03,7920.25,7944.02,7884.84,7908.57,1140000
2016-08-04,7908.57,7932.30,7856.83,7880.47,1150000
2016-08-05,7880.47,7904.11,7812.61,7836.12,1160000
2016-08-08,7836.12,7859.63,7798.94,7822.41,1170000
2016-08-09,7822.41,7845.87,7769.15,7792.53,1180000
2016-08-10,7792.53,7815.91,7723.42,7746.66,1190000
2016-08-11,7746.66,7769.90,7707.98,7731.18,1200000
2016-08-12,7731.18,7754.37,7676.68,7699.78,1210000
2016-08-15,7699.78,7722.88,7629.71,7652.67,1220000
2016-08-16,7652.67,7675.63,7612.74,7635.65,1230000
2016-08-17,7635.65,7658.55,7580.18,7602.99,1240000
2016-08-18,7602.99,7625.80,7532.21,7554.88,1250000
2016-08-19,7554.88,7577.54,7513.95,7536.56,1260000
2016-08-22,7536.56,7559.17,7480.35,7502.86,1270000
2016-08-23,7502.86,7525.37,7476.14,7498.64,1280000
2016-08-24,7498.64,7521.13,7456.68,7479.11,1290000
2016-08-25,7479.11,7501.55,7422.07,7444.40,1300000
2016-08-26,7444.40,7466.73,7416.67,7438.99,1310000
2016-08-29,7438.99,7461.31,7396.20,7418.46,1320000
2016-08-30,7418.46,7440.71,7360.77,7382.92,1330000
2016-08-31,7382.92,7405.06,7354.37,7376.50,1340000
2016-09-01,7376.50,7398.63,7333.07,7355.13,1350000
2016-09-02,7355.13,7377.20,7296.99,7318.94,1360000
2016-09-05,7318.94,7340.90,7289.74,7311.68,1370000
2016-09-06,7311.68,7333.61,7267.78,7289.65,1380000
2016-09-07,7289.65,7311.51,7231.21,7252.97,1390000
2016-09-08,7252.97,7274.73,7223.27,7245.00,1400000
2016-09-09,7245.00,7266.74,7200.79,7222.45,1410000
2016-09-12,7222.45,7244.12,7163.88,7185.43,1420000
2016-09-13,7185.43,7206.99,7155.38,7176.91,1430000
2016-09-14,7176.91,7198.44,7132.51,7153.97,1440000
2016-09-15,7153.97,7180.78,7132.51,7159.30,1450000
2016-09-16,7159.30,7180.78,7128.83,7150.28,1460000
2016-09-19,7150.28,7171.73,7105.54,7126.92,1470000
2016-09-20,7126.92,7153.17,7105.54,7131.77,1480000
2016-09-21,7131.77,7153.17,7100.98,7122.35,1490000
2016-09-22,7122.35,7143.71,7077.38,7098.68,1000000
2016-09-23,7098.68,7124.44,7077.38,7103.13,1010000
2016-09-26,7103.13,7124.44,7072.10,7093.38,1020000
2016-09-27,7093.38,7114.66,7048.27,7069.47,1030000
2016-09-28,7069.47,7094.82,7048.27,7073.59,1040000
2016-09-29,7073.59,7094.82,7042.41,7063.60,1050000
2016-09-30,7063.60,7084.79,7018.40,7039.52,1060000
2016-10-03,7039.52,7064.50,7018.40,7043.37,1070000
2016-10-04,7043.37,7064.50,7012.07,7033.17,1080000
2016-10-05,7033.17,7054.27,6987.94,7008.97,1090000
2016-10-06,7008.97,7033.62,6987.94,7012.58,1100000
2016-10-07,7012.58,7033.62,6981.22,7002.23,1110000
2016-10-10,7002.23,7040.66,6981.22,7019.60,1120000
2016-10-11,7019.60,7044.10,6998.54,7023.03,1130000
2016-10-12,7023.03,7044.10,6991.43,7012.47,1140000
2016-10-13,7012.47,7050.77,6991.43,7029.69,1150000
2016-10-14,7029.69,7054.04,7008.60,7032.94,1160000
2016-10-17,7032.94,7054.04,7001.12,7022.19,1170000
2016-10-18,7022.19,7060.36,7001.12,7039.24,1180000
2016-10-19,7039.24,7063.44,7018.12,7042.31,1190000
2016-10-20,7042.31,7063.44,7010.26,7031.35,1200000
2016-10-21,7031.35,7069.38,7010.26,7048.23,1210000
2016-10-24,7048.23,7072.25,7027.09,7051.10,1220000
2016-10-25,7051.10,7072.25,7018.79,7039.91,1230000
2016-10-26,7039.91,7077.75,7018.79,7056.58,1240000
2016-10-27,7056.58,7080.39,7035.41,7059.21,1250000
2016-10-28,7059.21,7080.39,7026.60,7047.75,1260000
2016-10-31,7047.75,7085.35,7026.60,7064.16,1270000
2016-11-01,7064.16,7087.70,7042.97,7066.50,1280000
2016-11-02,7066.50,7118.05,7045.30,7096.76,1290000
2016-11-03,7096.76,7118.05,6990.56,7011.60,1300000
2016-11-04,7011.60,7032.63,6892.70,6913.44,1310000
2016-11-07,6913.44,6934.18,6782.41,6802.82,1320000
2016-11-08,6802.82,6823.23,6701.02,6721.19,1330000
2016-11-09,6721.19,6741.35,6607.21,6627.09,1340000
2016-11-10,6627.09,6674.64,6607.21,6654.68,1350000
2016-11-11,6654.68,6689.02,6634.71,6669.01,1360000
2016-11-14,6669.01,6689.99,6649.01,6669.98,1370000
2016-11-15,6669.98,6717.31,6649.97,6697.21,1380000
2016-11-16,6697.21,6731.21,6677.12,6711.08,1390000
2016-11-17,6711.08,6731.58,6690.95,6711.45,1400000
2016-11-18,6711.45,6758.44,6691.32,6738.22,1410000
2016-11-21,6738.22,6771.75,6718.01,6751.50,1420000
2016-11-22,6751.50,6771.75,6730.90,6751.16,1430000
2016-11-23,6751.16,6797.67,6730.90,6777.33,1440000
2016-11-24,6777.33,6810.26,6757.00,6789.89,1450000
2016-11-25,6789.89,6849.60,6769.52,6829.11,1460000
2016-11-28,6829.11,6875.26,6808.62,6854.70,1470000
2016-11-29,6854.70,6887.06,6834.13,6866.46,1480000
2016-11-30,6866.46,6925.85,6845.86,6905.14,1490000
2016-12-01,6905.14,6950.77,6884.42,6929.98,1000000
2016-12-02,6929.98,6961.60,6909.19,6940.78,1010000
2016-12-05,6940.78,6999.67,6919.96,6978.73,1020000
2016-12-06,6978.73,7023.65,6957.80,7002.64,1030000
2016-12-07,7002.64,7033.34,6981.63,7012.30,1040000
2016-12-08,7012.30,7070.49,6991.27,7049.34,1050000
2016-12-09,7049.34,7093.34,7028.20,7072.12,1060000
2016-12-12,7072.12,7101.70,7050.91,7080.46,1070000
2016-12-13,7080.46,7137.72,7059.22,7116.37,1080000
2016-12-14,7116.37,7159.24,7095.02,7137.82,1090000
2016-12-15,7137.82,7166.06,7116.41,7144.62,1100000
2016-12-16,7144.62,7200.73,7123.19,7179.20,1110000
2016-12-19,7179.20,7220.70,7157.66,7199.10,1120000
2016-12-20,7199.10,7268.73,7177.50,7246.99,1130000
2016-12-21,7246.99,7302.02,7225.25,7280.18,1140000
2016-12-22,7280.18,7320.32,7258.34,7298.42,1150000
2016-12-23,7298.42,7367.00,7276.53,7344.96,1160000
2016-12-26,7344.96,7398.65,7322.93,7376.52,1170000
2016-12-27,7376.52,7415.02,7354.39,7392.84,1180000
2016-12-28,7392.84,7460.07,7370.66,7437.76,1190000
2016-12-29,7437.76,7489.81,7415.44,7467.41,1200000
2016-12-30,7467.41,7503.99,7445.00,7481.55,1210000
2017-01-02,7481.55,7547.13,7459.10,7524.55,1220000
2017-01-03,7524.55,7574.67,7501.98,7552.02,1230000
2017-01-04,7552.02,7586.40,7529.36,7563.71,1240000
2017-01-05,7563.71,7627.33,7541.02,7604.52,1250000
2017-01-06,7604.52,7652.41,7581.70,7629.52,1260000
2017-01-09,7629.52,7661.42,7606.63,7638.50,1270000
2017-01-10,7638.50,7699.84,7615.58,7676.80,1280000
2017-01-11,7676.80,7722.16,7653.77,7699.06,1290000
2017-01-12,7699.06,7774.13,7675.96,7750.87,1300000
2017-01-13,7750.87,7809.95,7727.62,7786.59,1310000
2017-01-16,7786.59,7829.36,7763.24,7805.94,1320000
2017-01-17,7805.94,7878.74,7782.52,7855.17,1330000
2017-01-18,7855.17,7911.64,7831.60,7887.98,1340000
2017-01-19,7887.98,7927.82,7864.32,7904.10,1350000
2017-01-20,7904.10,7974.26,7880.39,7950.41,1360000
2017-01-23,7950.41,8003.93,7926.56,7979.99,1370000
2017-01-24,7979.99,8016.56,7956.05,7992.59,1380000
2017-01-25,7992.59,8059.73,7968.61,8035.63,1390000
2017-01-26,8035.63,8085.84,8011.52,8061.65,1400000
2017-01-27,8061.65,8094.65,8037.47,8070.44,1410000
2017-01-30,8070.44,8134.22,8046.23,8109.89,1420000
2017-01-31,8109.89,8156.45,8085.56,8132.06,1430000
2017-02-01,8132.06,8161.16,8107.66,8136.75,1440000
2017-02-02,8136.75,8196.81,8112.34,8172.29,1450000
2017-02-03,8172.29,8214.90,8147.78,8190.33,1460000
2017-02-06,8190.33,8264.12,8165.75,8239.41,1470000
2017-02-07,8239.41,8295.74,8214.69,8270.93,1480000
2017-02-08,8270.93,8309.50,8246.12,8284.64,1490000
2017-02-09,8284.64,8354.67,8259.79,8329.68,1000000
2017-02-10,8329.68,8381.94,8304.70,8356.87,1010000
2017-02-13,8356.87,8391.07,8331.80,8365.97,1020000
2017-02-14,8365.97,8431.86,8340.87,8406.64,1030000
2017-02-15,8406.64,8454.48,8381.42,8429.19,1040000
2017-02-16,8429.19,8458.71,8403.90,8433.41,1050000
2017-02-17,8433.41,8494.82,8408.11,8469.41,1060000
2017-02-20,8469.41,8512.51,8444.00,8487.05,1070000
2017-02-21,8487.05,8512.51,8460.71,8486.17,1080000
2017-02-22,8486.17,8542.77,8460.71,8517.22,1090000
2017-02-23,8517.22,8555.31,8491.67,8529.72,1100000
2017-02-24,8529.72,8555.31,8497.98,8523.55,1110000
2017-02-27,8523.55,8575.05,8497.98,8549.40,1120000
2017-02-28,8549.40,8582.24,8523.75,8556.57,1130000
2017-03-01,8556.57,8621.66,8530.90,8595.87,1140000
2017-03-02,8595.87,8642.31,8570.08,8616.46,1150000
2017-03-03,8616.46,8644.01,8590.61,8618.16,1160000
2017-03-06,8618.16,8678.13,8592.30,8652.17,1170000
2017-03-07,8652.17,8693.29,8626.22,8667.28,1180000
2017-03-08,8667.28,8693.29,8637.35,8663.34,1190000
2017-03-09,8663.34,8717.93,8637.35,8691.86,1200000
2017-03-10,8691.86,8727.42,8665.78,8701.32,1210000
2017-03-13,8701.32,8727.42,8665.53,8691.60,1220000
2017-03-14,8691.60,8740.59,8665.53,8714.45,1230000
2017-03-15,8714.45,8744.29,8688.31,8718.14,1240000
2017-03-16,8718.14,8744.29,8676.48,8702.59,1250000
2017-03-17,8702.59,8745.80,8676.48,8719.64,1260000
2017-03-20,8719.64,8745.80,8691.33,8717.48,1270000
2017-03-21,8717.48,8743.64,8669.99,8696.08,1280000
2017-03-22,8696.08,8733.40,8669.99,8707.28,1290000
2017-03-23,8707.28,8733.40,8673.16,8699.26,1300000
2017-03-24,8699.26,8749.97,8673.16,8723.80,1310000
2017-03-27,8723.80,8755.33,8697.63,8729.14,1320000
2017-03-28,8729.14,8755.33,8689.08,8715.22,1330000
2017-03-29,8715.22,8760.13,8689.08,8733.93,1340000
2017-03-30,8733.93,8760.13,8707.20,8733.40,1350000
2017-03-31,8733.40,8759.60,8687.45,8713.60,1360000
2017-04-03,8713.60,8752.63,8687.45,8726.45,1370000
2017-04-04,8726.45,8752.63,8693.90,8720.06,1380000
2017-04-05,8720.06,8746.22,8668.36,8694.45,1390000
2017-04-06,8694.45,8727.57,8668.36,8701.46,1400000
2017-04-07,8701.46,8727.57,8663.23,8689.30,1410000
2017-04-10,8689.30,8715.37,8632.03,8658.01,1420000
2017-04-11,8658.01,8685.24,8632.03,8659.26,1430000
2017-04-12,8659.26,8685.24,8615.53,8641.45,1440000
2017-04-13,8641.45,8667.38,8578.84,8604.66,1450000
2017-04-14,8604.66,8630.47,8574.48,8600.28,1460000
2017-04-17,8600.28,8626.09,8551.27,8577.00,1470000
2017-04-18,8577.00,8611.72,8551.27,8585.97,1480000
2017-04-19,8585.97,8611.72,8550.35,8576.08,1490000
2017-04-20,8576.08,8601.81,8521.74,8547.38,1000000
2017-04-21,8547.38,8576.53,8521.74,8550.88,1010000
2017-04-24,8550.88,8576.53,8510.03,8535.64,1020000
2017-04-25,8535.64,8561.24,8476.22,8501.72,1030000
2017-04-26,8501.72,8527.23,8474.42,8499.92,1040000
2017-04-27,8499.92,8525.42,8454.08,8479.52,1050000
2017-04-28,8479.52,8504.96,8415.32,8440.64,1060000
2017-05-01,8440.64,8465.96,8408.43,8433.73,1070000
2017-05-02,8433.73,8459.03,8383.19,8408.42,1080000
2017-05-03,8408.42,8433.64,8339.76,8364.86,1090000
2017-05-04,8364.86,8389.95,8328.01,8353.07,1100000
2017-05-05,8353.07,8378.13,8298.16,8323.13,1110000
2017-05-08,8323.13,8348.09,8250.37,8275.20,1120000
2017-05-09,8275.20,8300.02,8234.03,8258.81,1130000
2017-05-10,8258.81,8283.58,8199.86,8224.54,1140000
2017-05-11,8224.54,8249.21,8196.85,8221.52,1150000
2017-05-12,8221.52,8246.18,8176.10,8200.70,1160000
2017-05-15,8200.70,8225.30,8137.72,8162.20,1170000
2017-05-16,8162.20,8186.69,8130.36,8154.82,1180000
2017-05-17,8154.82,8179.29,8105.46,8129.85,1190000
2017-05-18,8129.85,8154.24,8063.17,8087.44,1200000
2017-05-19,8087.44,8111.70,8051.72,8075.95,1210000
2017-05-22,8075.95,8100.18,8022.98,8047.12,1220000
2017-05-23,8047.12,8071.26,7977.11,8001.11,1230000
2017-05-24,8001.11,8025.11,7961.85,7985.81,1240000
2017-05-25,7985.81,8009.77,7929.57,7953.43,1250000
2017-05-26,7953.43,7977.29,7880.46,7904.17,1260000
2017-05-29,7904.17,7927.88,7861.70,7885.36,1270000
2017-05-30,7885.36,7909.01,7826.21,7849.76,1280000
2017-05-31,7849.76,7873.31,7774.20,7797.59,1290000
2017-06-01,7797.59,7820.98,7752.25,7775.57,1300000
2017-06-02,7775.57,7798.90,7713.88,7737.09,1310000
2017-06-05,7737.09,7760.30,7705.22,7728.41,1320000
2017-06-06,7728.41,7751.59,7680.24,7703.35,1330000
2017-06-07,7703.35,7726.46,7639.08,7662.07,1340000
2017-06-08,7662.07,7685.06,7627.45,7650.40,1350000
2017-06-09,7650.40,7673.35,7599.73,7622.60,1360000
2017-06-12,7622.60,7645.47,7556.09,7578.83,1370000
2017-06-13,7578.83,7601.57,7541.76,7564.45,1380000
2017-06-14,7564.45,7587.14,7511.59,7534.19,1390000
2017-06-15,7534.19,7556.80,7465.77,7488.24,1400000
2017-06-16,7488.24,7510.70,7449.01,7471.42,1410000
2017-06-19,7471.42,7493.84,7416.68,7439.00,1420000
2017-06-20,7439.00,7461.32,7368.99,7391.17,1430000
2017-06-21,7391.17,7413.34,7350.07,7372.19,1440000
2017-06-22,7372.19,7394.30,7315.87,7337.88,1450000
2017-06-23,7337.88,7359.90,7266.60,7288.46,1460000
2017-06-26,7288.46,7310.33,7245.79,7267.59,1470000
2017-06-27,7267.59,7289.39,7209.99,7231.69,1480000
2017-06-28,7231.69,7253.38,7202.32,7223.99,1490000
2017-06-29,7223.99,7245.67,7179.75,7201.35,1000000
2017-06-30,7201.35,7222.96,7142.40,7163.89,1010000
2017-07-03,7163.89,7185.38,7132.99,7154.45,1020000
2017-07-04,7154.45,7175.92,7108.88,7130.27,1030000
2017-07-05,7130.27,7151.66,7070.22,7091.49,1040000
2017-07-06,7091.49,7112.77,7059.29,7080.53,1050000
2017-07-07,7080.53,7101.77,7033.87,7055.04,1060000
2017-07-10,7055.04,7076.20,6994.12,7015.17,1070000
2017-07-11,7015.17,7036.21,6981.88,7002.89,1080000
2017-07-12,7002.89,7023.89,6955.37,6976.29,1090000
2017-07-13,6976.29,6997.22,6871.90,6892.58,1100000
2017-07-14,6892.58,6913.26,6775.69,6796.08,1110000
2017-07-17,6796.08,6816.47,6667.28,6687.35,1120000
2017-07-18,6687.35,6707.41,6587.28,6607.10,1130000
2017-07-19,6607.10,6626.92,6495.05,6514.60,1140000
2017-07-20,6514.60,6534.14,6468.27,6487.73,1150000
2017-07-21,6487.73,6507.19,6466.95,6486.41,1160000
2017-07-24,6486.41,6505.87,6452.52,6471.93,1170000
2017-07-25,6471.93,6491.35,6425.05,6444.38,1180000
2017-07-26,6444.38,6463.72,6422.93,6442.26,1190000
2017-07-27,6442.26,6461.58,6407.83,6427.11,1200000
2017-07-28,6427.11,6446.39,6379.82,6399.02,1210000
2017-07-31,6399.02,6418.21,6377.02,6396.21,1220000
2017-08-01,6396.21,6415.40,6361.38,6380.52,1230000
2017-08-02,6380.52,6399.66,6332.96,6352.01,1240000
2017-08-03,6352.01,6371.07,6329.61,6348.65,1250000
2017-08-04,6348.65,6367.70,6313.53,6332.53,1260000
2017-08-07,6332.53,6351.53,6284.81,6303.72,1270000
2017-08-08,6303.72,6322.64,6281.01,6299.91,1280000
2017-08-09,6299.91,6318.81,6264.61,6283.46,1290000
2017-08-10,6283.46,6302.31,6235.69,6254.45,1300000
2017-08-11,6254.45,6273.22,6231.52,6250.27,1310000
2017-08-14,6250.27,6269.02,6214.88,6233.58,1320000
2017-08-15,6233.58,6260.28,6214.88,6241.55,1330000
2017-08-16,6241.55,6260.28,6218.34,6237.05,1340000
2017-08-17,6237.05,6255.76,6201.43,6220.09,1350000
2017-08-18,6220.09,6246.45,6201.43,6227.77,1360000
2017-08-21,6227.77,6246.45,6204.35,6223.01,1370000
2017-08-22,6223.01,6241.68,6187.23,6205.85,1380000
2017-08-23,6205.85,6231.91,6187.23,6213.27,1390000
2017-08-24,6213.27,6231.91,6189.68,6208.31,1400000
2017-08-25,6208.31,6226.93,6172.40,6190.98,1410000
2017-08-28,6190.98,6216.78,6172.40,6198.19,1420000
2017-08-29,6198.19,6216.78,6174.47,6193.05,1430000
2017-08-30,6193.05,6211.63,6157.06,6175.59,1440000
2017-08-31,6175.59,6201.16,6157.06,6182.61,1450000
2017-09-01,6182.61,6201.16,6158.79,6177.32,1460000
2017-09-04,6177.32,6195.85,6141.26,6159.74,1470000
2017-09-05,6159.74,6185.08,6141.26,6166.58,1480000
2017-09-06,6166.58,6185.08,6142.67,6161.15,1490000
2017-09-07,6161.15,6198.65,6142.67,6180.11,1000000
2017-09-08,6180.11,6205.37,6161.57,6186.81,1010000
2017-09-11,6186.81,6205.37,6162.66,6181.20,1020000
2017-09-12,6181.20,6218.65,6162.66,6200.05,1030000
2017-09-13,6200.05,6225.22,6181.45,6206.60,1040000
2017-09-14,6206.60,6225.22,6182.17,6200.78,1050000
2017-09-15,6200.78,6238.15,6182.17,6219.49,1060000
2017-09-18,6219.49,6244.53,6200.83,6225.85,1070000
2017-09-19,6225.85,6244.53,6201.13,6219.79,1080000
2017-09-20,6219.79,6257.04,6201.13,6238.33,1090000
2017-09-21,6238.33,6263.19,6219.61,6244.46,1100000
2017-09-22,6244.46,6263.19,6219.40,6238.11,1110000
2017-09-25,6238.11,6275.19,6219.40,6256.42,1120000
2017-09-26,6256.42,6281.05,6237.65,6262.26,1130000
2017-09-27,6262.26,6281.05,6236.80,6255.57,1140000
2017-09-28,6255.57,6292.40,6236.80,6273.58,1150000
2017-09-29,6273.58,6297.90,6254.76,6279.06,1160000
2017-10-02,6279.06,6328.24,6260.22,6309.31,1170000
2017-10-03,6309.31,6346.03,6290.38,6327.05,1180000
2017-10-04,6327.05,6351.11,6308.06,6332.12,1190000
2017-10-05,6332.12,6381.23,6313.12,6362.14,1200000
2017-10-06,6362.14,6398.64,6343.05,6379.50,1210000
2017-10-09,6379.50,6403.22,6360.36,6384.06,1220000
2017-10-10,6384.06,6432.98,6364.91,6413.74,1230000
2017-10-11,6413.74,6449.91,6394.50,6430.62,1240000
2017-10-12,6430.62,6453.86,6411.33,6434.56,1250000
2017-10-13,6434.56,6483.16,6415.25,6463.77,1260000
2017-10-16,6463.77,6499.48,6444.38,6480.04,1270000
2017-10-17,6480.04,6502.67,6460.60,6483.22,1280000
2017-10-18,6483.22,6531.37,6463.78,6511.84,1290000
2017-10-19,6511.84,6546.94,6492.30,6527.36,1300000
2017-10-20,6527.36,6549.24,6507.78,6529.65,1310000
2017-10-23,6529.65,6577.18,6510.06,6557.51,1320000
2017-10-24,6557.51,6591.85,6537.84,6572.13,1330000
2017-10-25,6572.13,6632.32,6552.41,6612.49,1340000
2017-10-26,6612.49,6659.51,6592.65,6639.59,1350000
2017-10-27,6639.59,6673.19,6619.67,6653.23,1360000
2017-10-30,6653.23,6712.94,6633.27,6692.86,1370000
2017-10-31,6692.86,6739.18,6672.79,6719.02,1380000
2017-11-01,6719.02,6751.69,6698.86,6731.49,1390000
2017-11-02,6731.49,6790.52,6711.30,6770.21,1400000
2017-11-03,6770.21,6815.61,6749.90,6795.23,1410000
2017-11-06,6795.23,6826.75,6774.84,6806.33,1420000
2017-11-07,6806.33,6864.45,6785.91,6843.92,1430000
2017-11-08,6843.92,6888.18,6823.39,6867.57,1440000
2017-11-09,6867.57,6897.74,6846.97,6877.11,1450000
2017-11-10,6877.11,6934.07,6856.48,6913.33,1460000
2017-11-13,6913.33,6956.22,6892.59,6935.41,1470000
2017-11-14,6935.41,6963.99,6914.61,6943.16,1480000
2017-11-15,6943.16,6998.72,6922.33,6977.79,1490000
2017-11-16,6977.79,7019.05,6956.85,6998.06,1000000
2017-11-17,6998.06,7066.57,6977.06,7045.43,1010000
2017-11-20,7045.43,7099.65,7024.30,7078.42,1020000
2017-11-21,7078.42,7118.04,7057.18,7096.75,1030000
2017-11-22,7096.75,7163.93,7075.46,7142.50,1040000
2017-11-23,7142.50,7195.09,7121.07,7173.57,1050000
2017-11-24,7173.57,7211.28,7152.05,7189.71,1060000
2017-11-27,7189.71,7255.24,7168.14,7233.54,1070000
2017-11-28,7233.54,7284.20,7211.84,7262.41,1080000
2017-11-29,7262.41,7297.91,7240.63,7276.09,1090000
2017-11-30,7276.09,7339.67,7254.26,7317.71,1100000
2017-12-01,7317.71,7366.14,7295.76,7344.11,1110000
2017-12-04,7344.11,7377.11,7322.07,7355.05,1120000
2017-12-05,7355.05,7416.35,7332.98,7394.17,1130000
2017-12-06,7394.17,7440.06,7371.99,7417.80,1140000
2017-12-07,7417.80,7448.02,7395.55,7425.74,1150000
2017-12-08,7425.74,7484.45,7403.46,7462.07,1160000
2017-12-11,7462.07,7505.11,7439.68,7482.66,1170000
2017-12-12,7482.66,7554.46,7460.21,7531.87,1180000
2017-12-13,7531.87,7587.99,7509.27,7565.30,1190000
2017-12-14,7565.30,7605.44,7542.60,7582.69,1200000
2017-12-15,7582.69,7651.88,7559.94,7628.99,1210000
2017-12-18,7628.99,7682.19,7606.11,7659.21,1220000
2017-12-19,7659.21,7696.12,7636.24,7673.10,1230000
2017-12-20,7673.10,7739.32,7650.08,7716.17,1240000
2017-12-21,7716.17,7766.10,7693.02,7742.87,1250000
2017-12-22,7742.87,7776.23,7719.64,7752.97,1260000
2017-12-25,7752.97,7815.86,7729.71,7792.49,1270000
2017-12-26,7792.49,7838.81,7769.11,7815.37,1280000
2017-12-27,7815.37,7844.88,7791.92,7821.41,1290000
2017-12-28,7821.41,7880.63,7797.95,7857.06,1300000
2017-12-29,7857.06,7899.47,7833.49,7875.85,1310000
2018-01-01,7875.85,7901.22,7852.22,7877.59,1320000
2018-01-02,7877.59,7932.82,7853.95,7909.09,1330000
2018-01-03,7909.09,7947.29,7885.36,7923.52,1340000
2018-01-04,7923.52,7991.79,7899.75,7967.88,1350000
2018-01-05,7967.88,8019.12,7943.98,7995.14,1360000
2018-01-08,7995.14,8029.07,7971.15,8005.05,1370000
2018-01-09,8005.05,8069.28,7981.04,8045.14,1380000
2018-01-10,8045.14,8092.07,8021.01,8067.86,1390000
2018-01-11,8067.86,8097.23,8043.66,8073.01,1400000
2018-01-12,8073.01,8132.86,8048.79,8108.54,1410000
2018-01-15,8108.54,8150.85,8084.21,8126.47,1420000
2018-01-16,8126.47,8151.01,8102.09,8126.63,1430000
2018-01-17,8126.63,8181.81,8102.25,8157.33,1440000
2018-01-18,8157.33,8194.77,8132.86,8170.26,1450000
2018-01-19,8170.26,8194.77,8140.76,8165.26,1460000
2018-01-22,8165.26,8215.49,8140.76,8190.92,1470000
2018-01-23,8190.92,8223.25,8166.34,8198.65,1480000
2018-01-24,8198.65,8223.25,8163.79,8188.36,1490000
2018-01-25,8188.36,8233.41,8163.79,8208.79,1000000
2018-01-26,8208.79,8235.83,8184.16,8211.20,1010000
2018-01-29,8211.20,8269.11,8186.56,8244.38,1020000
2018-01-30,8244.38,8284.31,8219.64,8259.53,1030000
2018-01-31,8259.53,8284.31,8231.74,8256.50,1040000
2018-02-01,8256.50,8309.26,8231.74,8284.40,1050000
2018-02-02,8284.40,8319.01,8259.55,8294.13,1060000
2018-02-05,8294.13,8319.01,8260.70,8285.56,1070000
2018-02-06,8285.56,8332.95,8260.70,8308.02,1080000
2018-02-07,8308.02,8337.14,8283.10,8312.21,1090000
2018-02-08,8312.21,8337.14,8273.15,8298.05,1100000
2018-02-09,8298.05,8339.91,8273.15,8314.96,1110000
2018-02-12,8314.96,8339.91,8288.62,8313.56,1120000
2018-02-13,8313.56,8338.50,8268.91,8293.79,1130000
2018-02-14,8293.79,8330.03,8268.91,8305.11,1140000
2018-02-15,8305.11,8330.03,8273.21,8298.11,1150000
2018-02-16,8298.11,8323.00,8247.97,8272.78,1160000
2018-02-19,8272.78,8303.33,8247.97,8278.50,1170000
2018-02-20,8278.50,8303.33,8241.14,8265.94,1180000
2018-02-21,8265.94,8309.20,8241.14,8284.34,1190000
2018-02-22,8284.34,8309.36,8259.49,8284.50,1200000
2018-02-23,8284.50,8309.36,8241.58,8266.38,1210000
2018-02-26,8266.38,8304.09,8241.58,8279.26,1220000
2018-02-27,8279.26,8304.09,8249.07,8273.89,1230000
2018-02-28,8273.89,8298.72,8225.55,8250.30,1240000
2018-03-01,8250.30,8282.45,8225.55,8257.68,1250000
2018-03-02,8257.68,8282.45,8222.13,8246.87,1260000
2018-03-05,8246.87,8271.61,8193.27,8217.93,1270000
2018-03-06,8217.93,8244.56,8193.27,8219.90,1280000
2018-03-07,8219.90,8244.56,8179.17,8203.79,1290000
2018-03-08,8203.79,8228.40,8145.16,8169.67,1300000
2018-03-09,8169.67,8194.18,8141.86,8166.36,1310000
2018-03-12,8166.36,8190.86,8120.68,8145.11,1320000
2018-03-13,8145.11,8169.55,8081.73,8106.05,1330000
2018-03-14,8106.05,8130.37,8073.34,8097.63,1340000
2018-03-15,8097.63,8121.93,8047.26,8071.48,1350000
2018-03-16,8071.48,8099.98,8047.26,8075.76,1360000
2018-03-19,8075.76,8099.98,8038.18,8062.36,1370000
2018-03-20,8062.36,8086.55,8007.27,8031.37,1380000
2018-03-21,8031.37,8055.46,8006.64,8030.73,1390000
2018-03-22,8030.73,8054.82,7910.56,7934.36,1400000
2018-03-23,7934.36,7958.17,7799.81,7823.28,1410000
2018-03-26,7823.28,7846.75,7675.02,7698.11,1420000
2018-03-27,7698.11,7721.20,7582.92,7605.73,1430000
2018-03-28,7605.73,7628.55,7476.75,7499.25,1440000
2018-03-29,7499.25,7521.75,7467.44,7489.91,1450000
2018-03-30,7489.91,7512.38,7441.92,7464.31,1460000
2018-04-02,7464.31,7486.71,7400.36,7422.62,1470000
2018-04-03,7422.62,7444.89,7387.03,7409.25,1480000
2018-04-04,7409.25,7431.48,7357.74,7379.88,1490000
2018-04-05,7379.88,7402.02,7312.67,7334.67,1000000
2018-04-06,7334.67,7356.67,7295.59,7317.54,1010000
2018-04-09,7317.54,7339.50,7262.82,7284.68,1020000
2018-04-10,7284.68,7306.53,7257.78,7279.62,1030000
2018-04-11,7279.62,7301.45,7237.12,7258.89,1040000
2018-04-12,7258.89,7280.67,7200.97,7222.64,1050000
2018-04-13,7222.64,7244.30,7192.39,7214.03,1060000
2018-04-16,7214.03,7235.67,7168.41,7189.98,1070000
2018-04-17,7189.98,7211.55,7129.16,7150.61,1080000
2018-04-18,7150.61,7172.06,7117.30,7138.72,1090000
2018-04-19,7138.72,7160.13,7090.26,7111.60,1100000
2018-04-20,7111.60,7132.93,7048.21,7069.42,1110000
2018-04-23,7069.42,7090.63,7033.33,7054.50,1120000
2018-04-24,7054.50,7075.66,7003.53,7024.60,1130000
2018-04-25,7024.60,7045.68,6958.98,6979.92,1140000
2018-04-26,6979.92,7000.86,6941.35,6962.24,1150000
2018-04-27,6962.24,6983.12,6909.07,6929.86,1160000
2018-04-30,6929.86,6950.64,6862.32,6882.96,1170000
2018-05-01,6882.96,6903.61,6842.22,6862.80,1180000
2018-05-02,6862.80,6883.39,6807.74,6828.22,1190000
2018-05-03,6828.22,6848.71,6799.60,6820.06,1200000
2018-05-04,6820.06,6840.52,6777.17,6797.56,1210000
2018-05-07,6797.56,6817.96,6740.57,6760.86,1220000
2018-05-08,6760.86,6781.14,6730.14,6750.39,1230000
2018-05-09,6750.39,6770.64,6705.62,6725.80,1240000
2018-05-10,6725.80,6745.98,6667.17,6687.23,1250000
2018-05-11,6687.23,6707.29,6654.67,6674.70,1260000
2018-05-14,6674.70,6694.72,6628.32,6648.26,1270000
2018-05-15,6648.26,6668.21,6588.26,6608.08,1280000
2018-05-16,6608.08,6627.90,6573.93,6593.71,1290000
2018-05-17,6593.71,6613.49,6545.98,6565.68,1300000
2018-05-18,6565.68,6585.37,6504.56,6524.14,1310000
2018-05-21,6524.14,6543.71,6488.64,6508.16,1320000
2018-05-22,6508.16,6527.68,6459.32,6478.76,1330000
2018-05-23,6478.76,6498.19,6416.79,6436.10,1340000
2018-05-24,6436.10,6455.41,6399.48,6418.74,1350000
2018-05-25,6418.74,6437.99,6369.03,6388.19,1360000
2018-05-28,6388.19,6407.36,6363.51,6382.65,1370000
2018-05-29,6382.65,6401.80,6344.91,6364.00,1380000
2018-05-30,6364.00,6383.09,6313.34,6332.34,1390000
2018-05-31,6332.34,6351.34,6306.55,6325.53,1400000
2018-06-01,6325.53,6344.51,6286.86,6305.78,1410000
2018-06-04,6305.78,6324.69,6254.37,6273.19,1420000
2018-06-05,6273.19,6292.01,6246.48,6265.28,1430000
2018-06-06,6265.28,6284.07,6225.86,6244.60,1440000
2018-06-07,6244.60,6263.33,6192.63,6211.26,1450000
2018-06-08,6211.26,6229.89,6183.81,6202.42,1460000
2018-06-11,6202.42,6221.02,6162.43,6180.97,1470000
2018-06-12,6180.97,6199.52,6128.61,6147.05,1480000
2018-06-13,6147.05,6165.49,6119.01,6137.42,1490000
2018-06-14,6137.42,6155.84,6097.03,6115.37,1000000
2018-06-15,6115.37,6133.72,6062.78,6081.02,1010000
2018-06-18,6081.02,6099.27,6052.54,6070.75,1020000
2018-06-19,6070.75,6088.96,6030.09,6048.23,1030000
2018-06-20,6048.23,6067.72,6030.09,6049.58,1040000
2018-06-21,6049.58,6067.72,6020.61,6038.72,1050000
2018-06-22,6038.72,6056.84,5997.67,6015.72,1060000
2018-06-25,6015.72,6034.54,5997.67,6016.49,1070000
2018-06-26,6016.49,6034.54,5987.15,6005.17,1080000
2018-06-27,6005.17,6023.18,5963.85,5981.79,1090000
2018-06-28,5981.79,6000.04,5963.85,5982.09,1100000
2018-06-29,5982.09,6000.04,5952.47,5970.39,1110000
2018-07-02,5970.39,5988.30,5928.89,5946.73,1120000
2018-07-03,5946.73,5964.57,5928.80,5946.64,1130000
2018-07-04,5946.64,5964.48,5916.84,5934.64,1140000
2018-07-05,5934.64,5952.45,5893.06,5910.79,1150000
2018-07-06,5910.79,5928.53,5892.66,5910.39,1160000
2018-07-09,5910.39,5928.12,5880.47,5898.17,1170000
2018-07-10,5898.17,5915.86,5856.56,5874.19,1180000
2018-07-11,5874.19,5891.81,5855.91,5873.53,1190000
2018-07-12,5873.53,5891.15,5843.56,5861.14,1200000
2018-07-13,5861.14,5889.58,5843.56,5871.96,1210000
2018-07-16,5871.96,5889.58,5853.47,5871.09,1220000
2018-07-17,5871.09,5888.70,5840.93,5858.50,1230000
2018-07-18,5858.50,5886.74,5840.93,5869.13,1240000
2018-07-19,5869.13,5886.74,5850.47,5868.08,1250000
2018-07-20,5868.08,5885.68,5837.77,5855.33,1260000
2018-07-23,5855.33,5883.38,5837.77,5865.79,1270000
2018-07-24,5865.79,5883.38,5846.98,5864.57,1280000
2018-07-25,5864.57,5882.17,5834.13,5851.68,1290000
2018-07-26,5851.68,5879.56,5834.13,5861.98,1300000
2018-07-27,5861.98,5879.56,5843.03,5860.62,1310000
2018-07-30,5860.62,5878.20,5830.04,5847.58,1320000
2018-07-31,5847.58,5875.29,5830.04,5857.72,1330000
2018-08-01,5857.72,5875.29,5838.63,5856.20,1340000
2018-08-02,5856.20,5873.77,5825.49,5843.01,1350000
2018-08-03,5843.01,5870.54,5825.49,5852.98,1360000
2018-08-06,5852.98,5870.54,5833.74,5851.29,1370000
2018-08-07,5851.29,5890.37,5833.74,5872.75,1380000
2018-08-08,5872.75,5900.22,5855.13,5882.57,1390000
2018-08-09,5882.57,5900.22,5863.03,5880.67,1400000
2018-08-10,5880.67,5919.73,5863.03,5902.03,1410000
2018-08-13,5902.03,5929.40,5884.32,5911.67,1420000
2018-08-14,5911.67,5929.40,5891.79,5909.52,1430000
2018-08-15,5909.52,5948.50,5891.79,5930.71,1440000
2018-08-16,5930.71,5957.94,5912.92,5940.12,1450000
2018-08-17,5940.12,5957.94,5919.84,5937.65,1460000
2018-08-20,5937.65,5976.50,5919.84,5958.63,1470000
2018-08-21,5958.63,5985.64,5940.75,5967.74,1480000
2018-08-22,5967.74,5985.64,5947.00,5964.89,1490000
2018-08-23,5964.89,6003.53,5947.00,5985.57,1000000
2018-08-24,5985.57,6012.28,5967.61,5994.30,1010000
2018-08-27,5994.30,6012.28,5973.02,5990.99,1020000
2018-08-28,5990.99,6029.32,5973.02,6011.29,1030000
2018-08-29,6011.29,6037.60,5993.25,6019.55,1040000
2018-08-30,6019.55,6069.66,6001.49,6051.50,1050000
2018-08-31,6051.50,6089.64,6033.35,6071.43,1060000
2018-09-03,6071.43,6097.40,6053.21,6079.16,1070000
2018-09-04,6079.16,6129.13,6060.92,6110.79,1080000
2018-09-05,6110.79,6148.62,6092.46,6130.23,1090000
2018-09-06,6130.23,6155.73,6111.84,6137.32,1100000
2018-09-07,6137.32,6186.99,6118.90,6168.49,1110000
2018-09-10,6168.49,6205.87,6149.98,6187.30,1120000
2018-09-11,6187.30,6212.19,6168.74,6193.61,1130000
2018-09-12,6193.61,6242.85,6175.03,6224.18,1140000
2018-09-13,6224.18,6260.95,6205.51,6242.23,1150000
2018-09-14,6242.23,6266.35,6223.50,6247.61,1160000
2018-09-17,6247.61,6296.25,6228.86,6277.41,1170000
2018-09-18,6277.41,6313.42,6258.58,6294.54,1180000
2018-09-19,6294.54,6317.73,6275.65,6298.83,1190000
2018-09-20,6298.83,6346.69,6279.94,6327.71,1200000
2018-09-21,6327.71,6362.77,6308.73,6343.74,1210000
2018-09-24,6343.74,6403.69,6324.71,6384.53,1220000
2018-09-25,6384.53,6431.70,6365.38,6412.46,1230000
2018-09-26,6412.46,6446.60,6393.23,6427.31,1240000
2018-09-27,6427.31,6486.59,6408.03,6467.19,1250000
2018-09-28,6467.19,6513.45,6447.79,6493.97,1260000
2018-10-01,6493.97,6526.96,6474.49,6507.43,1270000
2018-10-02,6507.43,6565.82,6487.91,6546.18,1280000
2018-10-03,6546.18,6591.30,6526.54,6571.59,1290000
2018-10-04,6571.59,6603.21,6551.87,6583.46,1300000
2018-10-05,6583.46,6640.70,6563.71,6620.84,1310000
2018-10-08,6620.84,6664.59,6600.98,6644.65,1320000
2018-10-09,6644.65,6674.67,6624.72,6654.71,1330000
2018-10-10,6654.71,6710.56,6634.74,6690.48,1340000
2018-10-11,6690.48,6732.61,6670.41,6712.47,1350000
2018-10-12,6712.47,6740.65,6692.34,6720.49,1360000
2018-10-15,6720.49,6774.68,6700.33,6754.42,1370000
2018-10-16,6754.42,6794.66,6734.15,6774.34,1380000
2018-10-17,6774.34,6840.86,6754.02,6820.40,1390000
2018-10-18,6820.40,6872.97,6799.94,6852.41,1400000
2018-10-19,6852.41,6890.75,6831.86,6870.14,1410000
2018-10-22,6870.14,6935.04,6849.53,6914.30,1420000
2018-10-23,6914.30,6964.96,6893.55,6944.13,1430000
2018-10-24,6944.13,6980.27,6923.29,6959.39,1440000
2018-10-25,6959.39,7022.35,6938.51,7001.35,1450000
2018-10-26,7001.35,7049.79,6980.34,7028.71,1460000
2018-10-29,7028.71,7062.36,7007.62,7041.24,1470000
2018-10-30,7041.24,7101.95,7020.12,7080.71,1480000
2018-10-31,7080.71,7126.64,7059.47,7105.32,1490000
2018-11-01,7105.32,7136.20,7084.00,7114.86,1000000
2018-11-02,7114.86,7173.00,7093.51,7151.55,1010000
2018-11-05,7151.55,7194.65,7130.09,7173.13,1020000
2018-11-06,7173.13,7200.96,7151.61,7179.43,1030000
2018-11-07,7179.43,7234.69,7157.89,7213.05,1040000
2018-11-08,7213.05,7253.04,7191.41,7231.35,1050000
2018-11-09,7231.35,7299.01,7209.65,7277.17,1060000
2018-11-12,7277.17,7329.56,7255.34,7307.63,1070000
2018-11-13,7307.63,7344.45,7285.71,7322.48,1080000
2018-11-14,7322.48,7387.23,7300.51,7365.13,1090000
2018-11-15,7365.13,7414.30,7343.03,7392.13,1100000
2018-11-16,7392.13,7425.45,7369.95,7403.24,1110000
2018-11-19,7403.24,7464.73,7381.03,7442.40,1120000
2018-11-20,7442.40,7488.04,7420.07,7465.65,1130000
2018-11-21,7465.65,7495.19,7443.25,7472.77,1140000
2018-11-22,7472.77,7530.67,7450.35,7508.15,1150000
2018-11-23,7508.15,7549.95,7485.62,7527.37,1160000
2018-11-26,7527.37,7552.86,7504.79,7530.27,1170000
2018-11-27,7530.27,7584.27,7507.68,7561.58,1180000
2018-11-28,7561.58,7599.27,7538.90,7576.55,1190000
2018-11-29,7576.55,7599.27,7463.17,7485.63,1200000
2018-11-30,7485.63,7508.08,7358.69,7380.83,1210000
2018-12-03,7380.83,7402.97,7240.95,7262.73,1220000
2018-12-04,7262.73,7284.52,7154.06,7175.58,1230000
2018-12-05,7175.58,7197.11,7053.90,7075.12,1240000
2018-12-06,7075.12,7101.77,7053.90,7080.53,1250000
2018-12-07,7080.53,7133.89,7059.29,7112.55,1260000
2018-12-10,7112.55,7150.50,7091.21,7129.12,1270000
2018-12-11,7129.12,7151.46,7107.73,7130.07,1280000
2018-12-12,7130.07,7179.27,7108.68,7157.80,1290000
2018-12-13,7157.80,7191.41,7136.33,7169.90,1300000
2018-12-14,7169.90,7191.41,7144.77,7166.26,1310000
2018-12-17,7166.26,7211.07,7144.77,7189.50,1320000
2018-12-18,7189.50,7218.58,7167.93,7196.99,1330000
2018-12-19,7196.99,7218.58,7167.08,7188.65,1340000
2018-12-20,7188.65,7228.87,7167.08,7207.24,1350000
2018-12-21,7207.24,7231.64,7185.62,7210.01,1360000
2018-12-24,7210.01,7231.64,7175.29,7196.88,1370000
2018-12-25,7196.88,7232.36,7175.29,7210.73,1380000
2018-12-26,7210.73,7232.36,7187.07,7208.70,1390000
2018-12-27,7208.70,7255.35,7187.07,7233.65,1400000
2018-12-28,7233.65,7264.46,7211.95,7242.73,1410000
2018-12-31,7242.73,7264.46,7214.13,7235.83,1420000
2019-01-01,7235.83,7277.79,7214.13,7256.02,1430000
2019-01-02,7256.02,7282.03,7234.25,7260.25,1440000
2019-01-03,7260.25,7282.03,7226.70,7248.44,1450000
2019-01-04,7248.44,7285.58,7226.70,7263.78,1460000
2019-01-07,7263.78,7285.58,7241.33,7263.12,1470000
2019-01-08,7263.12,7284.91,7224.67,7246.41,1480000
2019-01-09,7246.41,7278.63,7224.67,7256.86,1490000
2019-01-10,7256.86,7278.63,7229.56,7251.31,1000000
2019-01-11,7251.31,7273.06,7208.06,7229.75,1010000
2019-01-14,7229.75,7257.03,7208.06,7235.32,1020000
2019-01-15,7235.32,7257.03,7203.25,7224.93,1030000
2019-01-16,7224.93,7246.60,7177.02,7198.61,1040000
2019-01-17,7198.61,7220.95,7177.02,7199.35,1050000
2019-01-18,7199.35,7220.95,7162.66,7184.22,1060000
2019-01-21,7184.22,7217.61,7162.66,7196.03,1070000
2019-01-22,7196.03,7217.61,7170.43,7192.00,1080000
2019-01-23,7192.00,7213.58,7150.62,7172.14,1090000
2019-01-24,7172.14,7200.76,7150.62,7179.22,1100000
2019-01-25,7179.22,7200.76,7149.01,7170.52,1110000
2019-01-28,7170.52,7192.03,7124.62,7146.06,1120000
2019-01-29,7146.06,7169.94,7124.62,7148.49,1130000
2019-01-30,7148.49,7169.94,7113.82,7135.22,1140000
2019-01-31,7135.22,7156.63,7085.00,7106.32,1150000
2019-02-01,7106.32,7127.64,7082.92,7104.23,1160000
2019-02-04,7104.23,7125.54,7065.30,7086.56,1170000
2019-02-05,7086.56,7107.82,7032.26,7053.42,1180000
2019-02-06,7053.42,7074.58,7025.82,7046.96,1190000
2019-02-07,7046.96,7068.10,7004.01,7025.09,1200000
2019-02-08,7025.09,7046.16,6966.97,6987.93,1210000
2019-02-11,6987.93,7008.89,6956.36,6977.29,1220000
2019-02-12,6977.29,6998.22,6930.59,6951.44,1230000
2019-02-13,6951.44,6972.75,6930.59,6951.90,1240000
2019-02-14,6951.90,6972.75,6916.40,6937.21,1250000
2019-02-15,6937.21,6958.02,6886.74,6907.47,1260000
2019-02-18,6907.47,6928.19,6883.22,6903.93,1270000
2019-02-19,6903.93,6924.64,6864.75,6885.40,1280000
2019-02-20,6885.40,6906.06,6831.43,6851.99,1290000
2019-02-21,6851.99,6872.55,6824.12,6844.66,1300000
2019-02-22,6844.66,6865.19,6802.05,6822.52,1310000
2019-02-25,6822.52,6842.99,6765.34,6785.70,1320000
2019-02-26,6785.70,6806.05,6754.47,6774.79,1330000
2019-02-27,6774.79,6795.12,6729.04,6749.29,1340000
2019-02-28,6749.29,6769.54,6689.21,6709.33,1350000
2019-03-01,6709.33,6729.46,6675.01,6695.10,1360000
2019-03-04,6695.10,6715.18,6646.49,6666.49,1370000
2019-03-05,6666.49,6686.49,6603.83,6623.70,1380000
2019-03-06,6623.70,6643.57,6586.56,6606.38,1390000
2019-03-07,6606.38,6626.20,6555.24,6574.96,1400000
2019-03-08,6574.96,6594.69,6549.04,6568.74,1410000
2019-03-11,6568.74,6588.45,6528.85,6548.50,1420000
2019-03-12,6548.50,6568.14,6494.80,6514.34,1430000
2019-03-13,6514.34,6533.89,6485.73,6505.24,1440000
2019-03-14,6505.24,6524.76,6462.86,6482.31,1450000
2019-03-15,6482.31,6501.76,6426.35,6445.68,1460000
2019-03-18,6445.68,6465.02,6414.63,6433.93,1470000
2019-03-19,6433.93,6453.23,6389.34,6408.56,1480000
2019-03-20,6408.56,6427.79,6350.62,6369.73,1490000
2019-03-21,6369.73,6388.84,6336.50,6355.57,1000000
2019-03-22,6355.57,6374.64,6309.04,6328.02,1010000
2019-03-25,6328.02,6347.01,6268.39,6287.25,1020000
2019-03-26,6287.25,6306.12,6252.11,6270.92,1030000
2019-03-27,6270.92,6289.73,6222.72,6241.45,1040000
2019-03-28,6241.45,6260.17,6180.42,6199.01,1050000
2019-03-29,6199.01,6217.61,6162.21,6180.75,1060000
2019-04-01,6180.75,6199.29,6131.16,6149.61,1070000
2019-04-02,6149.61,6168.06,6123.93,6142.35,1080000
2019-04-03,6142.35,6160.78,6103.92,6122.28,1090000
2019-04-04,6122.28,6140.65,6071.25,6089.52,1100000
2019-04-05,6089.52,6107.78,6062.24,6080.48,1110000
2019-04-08,6080.48,6098.72,6040.64,6058.81,1120000
2019-04-09,6058.81,6076.99,6006.57,6024.65,1130000
2019-04-10,6024.65,6042.72,5995.99,6014.03,1140000
2019-04-11,6014.03,6032.07,5973.00,5990.98,1150000
2019-04-12,5990.98,6008.95,5937.76,5955.63,1160000
2019-04-15,5955.63,5973.49,5925.79,5943.62,1170000
2019-04-16,5943.62,5961.45,5901.63,5919.39,1180000
2019-04-17,5919.39,5937.14,5865.41,5883.06,1190000
2019-04-18,5883.06,5900.71,5852.25,5869.86,1200000
2019-04-19,5869.86,5887.47,5827.09,5844.63,1210000
2019-04-22,5844.63,5862.16,5790.10,5807.52,1220000
2019-04-23,5807.52,5824.94,5775.92,5793.30,1230000
2019-04-24,5793.30,5810.68,5749.96,5767.26,1240000
2019-04-25,5767.26,5784.56,5746.57,5763.87,1250000
2019-04-26,5763.87,5781.16,5731.46,5748.71,1260000
2019-04-29,5748.71,5765.96,5704.70,5721.87,1270000
2019-04-30,5721.87,5739.04,5700.40,5717.55,1280000
2019-05-01,5717.55,5734.70,5684.50,5701.60,1290000
2019-05-02,5701.60,5718.71,5657.09,5674.11,1300000
2019-05-03,5674.11,5691.14,5651.99,5669.00,1310000
2019-05-06,5669.00,5686.01,5635.44,5652.40,1320000
2019-05-07,5652.40,5669.36,5607.53,5624.40,1330000
2019-05-08,5624.40,5641.28,5601.77,5618.63,1340000
2019-05-09,5618.63,5635.48,5584.70,5601.50,1350000
2019-05-10,5601.50,5618.31,5556.40,5573.12,1360000
2019-05-13,5573.12,5589.84,5550.10,5566.80,1370000
2019-05-14,5566.80,5583.50,5532.62,5549.26,1380000
2019-05-15,5549.26,5565.91,5504.05,5520.61,1390000
2019-05-16,5520.61,5537.17,5497.30,5513.84,1400000
2019-05-17,5513.84,5530.39,5479.52,5496.00,1410000
2019-05-20,5496.00,5516.38,5479.52,5499.88,1420000
2019-05-21,5499.88,5516.38,5476.24,5492.72,1430000
2019-05-22,5492.72,5509.20,5458.13,5474.56,1440000
2019-05-23,5474.56,5494.49,5458.13,5478.05,1450000
2019-05-24,5478.05,5494.49,5454.17,5470.58,1460000
2019-05-27,5470.58,5486.99,5435.81,5452.16,1470000
2019-05-28,5452.16,5471.71,5435.81,5455.34,1480000
2019-05-29,5455.34,5471.71,5431.28,5447.62,1490000
2019-05-30,5447.62,5463.96,5412.73,5429.02,1000000
2019-05-31,5429.02,5448.24,5412.73,5431.94,1010000
2019-06-03,5431.94,5448.24,5407.75,5424.02,1020000
2019-06-04,5424.02,5440.29,5389.07,5405.28,1030000
2019-06-05,5405.28,5424.21,5389.07,5407.99,1040000
2019-06-06,5407.99,5424.21,5383.71,5399.91,1050000
2019-06-07,5399.91,5416.11,5364.94,5381.08,1060000
2019-06-10,5381.08,5399.76,5364.94,5383.61,1070000
2019-06-11,5383.61,5399.76,5359.28,5375.40,1080000
2019-06-12,5375.40,5404.65,5359.28,5388.49,1090000
2019-06-13,5388.49,5407.04,5372.32,5390.87,1100000
2019-06-14,5390.87,5407.04,5366.37,5382.51,1110000
2019-06-17,5382.51,5411.66,5366.37,5395.47,1120000
2019-06-18,5395.47,5413.91,5379.29,5397.72,1130000
2019-06-19,5397.72,5413.91,5373.04,5389.21,1140000
2019-06-20,5389.21,5418.26,5373.04,5402.05,1150000
2019-06-21,5402.05,5420.37,5385.84,5404.15,1160000
2019-06-24,5404.15,5420.37,5379.31,5395.49,1170000
2019-06-25,5395.49,5424.42,5379.31,5408.20,1180000
2019-06-26,5408.20,5426.38,5391.97,5410.15,1190000
2019-06-27,5410.15,5426.38,5385.11,5401.31,1200000
2019-06-28,5401.31,5430.10,5385.11,5413.86,1210000
2019-07-01,5413.86,5431.88,5397.62,5415.63,1220000
2019-07-02,5415.63,5431.88,5390.37,5406.59,1230000
2019-07-03,5406.59,5435.20,5390.37,5418.95,1240000
2019-07-04,5418.95,5436.76,5402.69,5420.50,1250000
2019-07-05,5420.50,5459.81,5404.24,5443.48,1260000
2019-07-08,5443.48,5472.03,5427.15,5455.66,1270000
2019-07-09,5455.66,5473.33,5439.30,5456.96,1280000
2019-07-10,5456.96,5496.24,5440.59,5479.80,1290000
2019-07-11,5479.80,5508.24,5463.36,5491.77,1300000
2019-07-12,5491.77,5509.22,5475.29,5492.74,1310000
2019-07-15,5492.74,5531.93,5476.27,5515.39,1320000
2019-07-16,5515.39,5543.63,5498.84,5527.05,1330000
2019-07-17,5527.05,5544.22,5510.47,5527.63,1340000
2019-07-18,5527.63,5566.64,5511.05,5549.99,1350000
2019-07-19,5549.99,5577.96,5533.34,5561.28,1360000
2019-07-22,5561.28,5578.06,5544.59,5561.38,1370000
2019-07-23,5561.38,5600.11,5544.70,5583.36,1380000
2019-07-24,5583.36,5610.95,5566.61,5594.17,1390000
2019-07-25,5594.17,5610.95,5576.91,5593.70,1400000
2019-07-26,5593.70,5632.04,5576.91,5615.20,1410000
2019-07-29,5615.20,5642.29,5598.35,5625.42,1420000
2019-07-30,5625.42,5674.71,5608.54,5657.73,1430000
2019-07-31,5657.73,5695.80,5640.76,5678.76,1440000
2019-08-01,5678.76,5705.40,5661.72,5688.34,1450000
2019-08-02,5688.34,5737.38,5671.27,5720.21,1460000
2019-08-05,5720.21,5757.85,5703.05,5740.63,1470000
2019-08-06,5740.63,5766.68,5723.41,5749.43,1480000
2019-08-07,5749.43,5798.07,5732.18,5780.72,1490000
2019-08-08,5780.72,5798.07,5694.22,5711.35,1000000
2019-08-09,5711.35,5728.49,5614.50,5631.40,1010000
2019-08-12,5631.40,5648.29,5524.67,5541.29,1020000
2019-08-13,5541.29,5557.92,5458.37,5474.80,1030000
2019-08-14,5474.80,5491.22,5381.96,5398.15,1040000
2019-08-15,5398.15,5441.71,5381.96,5425.43,1050000
2019-08-16,5425.43,5458.01,5409.16,5441.69,1060000
2019-08-19,5441.69,5463.12,5425.36,5446.78,1070000
2019-08-20,5446.78,5489.48,5430.44,5473.06,1080000
2019-08-21,5473.06,5504.62,5456.64,5488.15,1090000
2019-08-22,5488.15,5541.17,5471.69,5524.59,1100000
2019-08-23,5524.59,5566.48,5508.02,5549.83,1110000
2019-08-26,5549.83,5580.37,5533.18,5563.68,1120000
2019-08-27,5563.68,5615.90,5546.99,5599.11,1130000
2019-08-28,5599.11,5639.99,5582.31,5623.12,1140000
2019-08-29,5623.12,5652.43,5606.25,5635.52,1150000
2019-08-30,5635.52,5686.74,5618.61,5669.73,1160000
2019-09-02,5669.73,5709.38,5652.72,5692.31,1170000
2019-09-03,5692.31,5720.18,5675.23,5703.07,1180000
2019-09-04,5703.07,5753.05,5685.96,5735.84,1190000
2019-09-05,5735.84,5774.05,5718.63,5756.78,1200000
2019-09-06,5756.78,5782.99,5739.51,5765.70,1210000
2019-09-09,5765.70,5814.20,5748.40,5796.81,1220000
2019-09-10,5796.81,5833.34,5779.42,5815.89,1230000
2019-09-11,5815.89,5840.23,5798.44,5822.77,1240000
2019-09-12,5822.77,5869.56,5805.30,5852.00,1250000
2019-09-13,5852.00,5886.61,5834.44,5869.01,1260000
2019-09-16,5869.01,5926.28,5851.40,5908.55,1270000
2019-09-17,5908.55,5953.65,5890.83,5935.84,1280000
2019-09-18,5935.84,5968.50,5918.03,5950.65,1290000
2019-09-19,5950.65,6006.22,5932.80,5988.25,1300000
2019-09-20,5988.25,6031.39,5970.29,6013.35,1310000
2019-09-23,6013.35,6043.80,5995.31,6025.73,1320000
2019-09-24,6025.73,6079.31,6007.65,6061.12,1330000
2019-09-25,6061.12,6102.02,6042.94,6083.77,1340000
2019-09-26,6083.77,6111.77,6065.52,6093.49,1350000
2019-09-27,6093.49,6144.80,6075.21,6126.42,1360000
2019-09-30,6126.42,6164.83,6108.04,6146.39,1370000
2019-10-01,6146.39,6171.68,6127.95,6153.22,1380000
2019-10-02,6153.22,6201.99,6134.76,6183.44,1390000
2019-10-03,6183.44,6219.09,6164.89,6200.49,1400000
2019-10-04,6200.49,6222.84,6181.89,6204.22,1410000
2019-10-07,6204.22,6250.18,6185.61,6231.48,1420000
2019-10-08,6231.48,6264.14,6212.79,6245.40,1430000
2019-10-09,6245.40,6301.85,6226.67,6283.00,1440000
2019-10-10,6283.00,6326.15,6264.15,6307.22,1450000
2019-10-11,6307.22,6336.82,6288.30,6317.87,1460000
2019-10-14,6317.87,6371.47,6298.92,6352.41,1470000
2019-10-15,6352.41,6392.47,6333.36,6373.35,1480000
2019-10-16,6373.35,6399.64,6354.23,6380.50,1490000
2019-10-17,6380.50,6430.97,6361.36,6411.73,1000000
2019-10-18,6411.73,6448.44,6392.50,6429.15,1010000
2019-10-21,6429.15,6451.90,6409.86,6432.60,1020000
2019-10-22,6432.60,6479.67,6413.30,6460.29,1030000
2019-10-23,6460.29,6493.41,6440.91,6473.99,1040000
2019-10-24,6473.99,6493.41,6454.14,6473.56,1050000
2019-10-25,6473.56,6516.98,6454.14,6497.49,1060000
2019-10-28,6497.49,6526.81,6478.00,6507.29,1070000
2019-10-29,6507.29,6526.81,6483.33,6502.84,1080000
2019-10-30,6502.84,6542.39,6483.33,6522.83,1090000
2019-10-31,6522.83,6548.15,6503.26,6528.56,1100000
2019-11-01,6528.56,6578.50,6508.98,6558.82,1110000
2019-11-04,6558.82,6594.53,6539.14,6574.81,1120000
2019-11-05,6574.81,6596.12,6555.09,6576.39,1130000
2019-11-06,6576.39,6622.44,6556.66,6602.63,1140000
2019-11-07,6602.63,6634.29,6582.82,6614.45,1150000
2019-11-08,6614.45,6634.29,6591.90,6611.73,1160000
2019-11-11,6611.73,6653.69,6591.90,6633.79,1170000
2019-11-12,6633.79,6661.23,6613.89,6641.31,1180000
2019-11-13,6641.31,6661.23,6614.29,6634.20,1190000
2019-11-14,6634.20,6671.89,6614.29,6651.94,1200000
2019-11-15,6651.94,6675.02,6631.98,6655.06,1210000
2019-11-18,6655.06,6675.02,6623.57,6643.50,1220000
2019-11-19,6643.50,6676.79,6623.57,6656.82,1230000
2019-11-20,6656.82,6676.79,6635.52,6655.49,1240000
2019-11-21,6655.49,6675.45,6619.54,6639.46,1250000
2019-11-22,6639.46,6668.26,6619.54,6648.31,1260000
2019-11-25,6648.31,6668.26,6622.57,6642.50,1270000
2019-11-26,6642.50,6681.54,6622.57,6661.55,1280000
2019-11-27,6661.55,6685.95,6641.57,6665.95,1290000
2019-11-28,6665.95,6685.95,6635.66,6655.63,1300000
2019-11-29,6655.63,6690.24,6635.66,6670.23,1310000
2019-12-02,6670.23,6690.24,6650.12,6670.13,1320000
2019-12-03,6670.13,6690.14,6635.35,6655.32,1330000
2019-12-04,6655.32,6685.44,6635.35,6665.44,1340000
2019-12-05,6665.44,6685.44,6640.89,6660.87,1350000
2019-12-06,6660.87,6680.86,6621.69,6641.61,1360000
2019-12-09,6641.61,6667.22,6621.69,6647.27,1370000
2019-12-10,6647.27,6667.22,6618.37,6638.28,1380000
2019-12-11,6638.28,6658.20,6594.83,6614.67,1390000
2019-12-12,6614.67,6635.78,6594.83,6615.93,1400000
2019-12-13,6615.93,6635.78,6582.81,6602.61,1410000
2019-12-16,6602.61,6622.42,6555.06,6574.79,1420000
2019-12-17,6574.79,6594.51,6552.02,6571.73,1430000
2019-12-18,6571.73,6591.45,6534.56,6554.22,1440000
2019-12-19,6554.22,6581.03,6534.56,6561.35,1450000
2019-12-20,6561.35,6581.03,6534.40,6554.07,1460000
2019-12-23,6554.07,6573.73,6512.80,6532.40,1470000
2019-12-24,6532.40,6554.95,6512.80,6535.34,1480000
2019-12-25,6535.34,6554.95,6504.38,6523.95,1490000
2019-12-26,6523.95,6543.52,6478.79,6498.29,1000000
2019-12-27,6498.29,6517.78,6477.67,6497.16,1010000
2019-12-30,6497.16,6516.65,6462.37,6481.81,1020000
2019-12-31,6481.81,6501.26,6432.97,6452.33,1030000
2020-01-01,6452.33,6471.69,6427.94,6447.28,1040000
2020-01-02,6447.28,6466.62,6408.87,6428.16,1050000
2020-01-03,6428.16,6447.44,6375.89,6395.07,1060000
2020-01-06,6395.07,6414.26,6367.12,6386.28,1070000
2020-01-07,6386.28,6405.44,6344.50,6363.59,1080000
2020-01-08,6363.59,6382.68,6308.17,6327.15,1090000
2020-01-09,6327.15,6346.13,6295.87,6314.82,1100000
2020-01-10,6314.82,6333.76,6269.93,6288.80,1110000
2020-01-13,6288.80,6307.66,6267.81,6286.67,1120000
2020-01-14,6286.67,6305.53,6252.12,6270.93,1130000
2020-01-15,6270.93,6289.74,6222.94,6241.66,1140000
2020-01-16,6241.66,6260.39,6217.47,6236.18,1150000
2020-01-17,6236.18,6254.88,6198.58,6217.23,1160000
2020-01-20,6217.23,6235.89,6166.39,6184.94,1170000
2020-01-21,6184.94,6203.50,6157.77,6176.30,1180000
2020-01-22,6176.30,6194.83,6135.92,6154.38,1190000
2020-01-23,6154.38,6172.85,6100.96,6119.32,1200000
2020-01-24,6119.32,6137.68,6089.41,6107.74,1210000
2020-01-27,6107.74,6126.06,6064.83,6083.08,1220000
2020-01-28,6083.08,6101.33,6027.37,6045.51,1230000
2020-01-29,6045.51,6063.64,6013.12,6031.21,1240000
2020-01-30,6031.21,6049.30,5986.06,6004.07,1250000
2020-01-31,6004.07,6022.08,5946.35,5964.25,1260000
2020-02-03,5964.25,5982.14,5929.63,5947.48,1270000
2020-02-04,5947.48,5965.32,5900.35,5918.10,1280000
2020-02-05,5918.10,5935.86,5893.78,5911.52,1290000
2020-02-06,5911.52,5929.25,5874.73,5892.40,1300000
2020-02-07,5892.40,5910.08,5843.28,5860.87,1310000
2020-02-10,5860.87,5878.45,5834.42,5851.98,1320000
2020-02-11,5851.98,5869.53,5813.24,5830.74,1330000
2020-02-12,5830.74,5848.23,5779.88,5797.27,1340000
2020-02-13,5797.27,5814.67,5768.93,5786.28,1350000
2020-02-14,5786.28,5803.64,5745.85,5763.14,1360000
2020-02-17,5763.14,5780.43,5710.81,5727.99,1370000
2020-02-18,5727.99,5745.17,5697.97,5715.11,1380000
2020-02-19,5715.11,5732.26,5673.23,5690.30,1390000
2020-02-20,5690.30,5707.37,5636.72,5653.68,1400000
2020-02-21,5653.68,5670.64,5622.21,5639.13,1410000
2020-02-24,5639.13,5656.05,5596.02,5612.85,1420000
2020-02-25,5612.85,5629.69,5558.28,5575.01,1430000
2020-02-26,5575.01,5591.73,5542.31,5558.99,1440000
2020-02-27,5558.99,5575.66,5514.87,5531.47,1450000
2020-02-28,5531.47,5548.06,5508.94,5525.52,1460000
2020-03-02,5525.52,5542.09,5491.60,5508.12,1470000
2020-03-03,5508.12,5524.65,5462.95,5479.39,1480000
2020-03-04,5479.39,5495.83,5455.67,5472.09,1490000
2020-03-05,5472.09,5488.51,5437.14,5453.51,1000000
2020-03-06,5453.51,5469.87,5407.47,5423.75,1010000
2020-03-09,5423.75,5440.02,5399.01,5415.26,1020000
2020-03-10,5415.26,5431.50,5379.47,5395.65,1030000
2020-03-11,5395.65,5411.84,5348.95,5365.04,1040000
2020-03-12,5365.04,5381.14,5339.46,5355.53,1050000
2020-03-13,5355.53,5371.60,5319.06,5335.07,1060000
2020-03-16,5335.07,5351.08,5287.87,5303.78,1070000
2020-03-17,5303.78,5319.69,5277.51,5293.39,1080000
2020-03-18,5293.39,5309.27,5256.41,5272.23,1090000
2020-03-19,5272.23,5288.04,5224.68,5240.41,1100000
2020-03-20,5240.41,5256.13,5213.60,5229.29,1110000
2020-03-23,5229.29,5244.98,5191.95,5207.57,1120000
2020-03-24,5207.57,5223.19,5190.73,5206.35,1130000
2020-03-25,5206.35,5221.96,5178.98,5194.56,1140000
2020-03-26,5194.56,5210.15,5156.76,5172.28,1150000
2020-03-27,5172.28,5187.80,5154.89,5170.40,1160000
2020-03-30,5170.40,5185.91,5142.59,5158.06,1170000
2020-03-31,5158.06,5173.54,5119.93,5135.34,1180000
2020-04-01,5135.34,5150.74,5117.50,5132.90,1190000
2020-04-02,5132.90,5148.30,5104.76,5120.12,1200000
2020-04-03,5120.12,5135.48,5081.76,5097.05,1210000
2020-04-06,5097.05,5112.35,5078.88,5094.16,1220000
2020-04-07,5094.16,5109.44,5065.78,5081.02,1230000
2020-04-08,5081.02,5096.27,5042.54,5057.71,1240000
2020-04-09,5057.71,5072.88,5039.28,5054.44,1250000
2020-04-10,5054.44,5069.61,5025.91,5041.04,1260000
2020-04-13,5041.04,5056.16,5002.51,5017.56,1270000
2020-04-14,5017.56,5032.61,4998.95,5013.99,1280000
2020-04-15,5013.99,5029.03,4985.39,5000.39,1290000
2020-04-16,5000.39,5015.39,4925.56,4940.38,1300000
2020-04-17,4940.38,4955.20,4856.60,4871.22,1310000
2020-04-20,4871.22,4885.83,4778.90,4793.28,1320000
2020-04-21,4793.28,4807.66,4721.55,4735.76,1330000
2020-04-22,4735.76,4749.97,4655.45,4669.46,1340000
2020-04-23,4669.46,4683.47,4642.39,4656.36,1350000
2020-04-24,4656.36,4675.71,4642.39,4661.72,1360000
2020-04-27,4661.72,4675.71,4643.81,4657.79,1370000
2020-04-28,4657.79,4671.76,4630.63,4644.57,1380000
2020-04-29,4644.57,4663.71,4630.63,4649.76,1390000
2020-04-30,4649.76,4663.71,4631.76,4645.69,1400000
2020-05-01,4645.69,4659.63,4618.48,4632.37,1410000
2020-05-04,4632.37,4651.34,4618.48,4637.42,1420000
2020-05-05,4637.42,4651.34,4619.34,4633.24,1430000
2020-05-06,4633.24,4647.14,4605.98,4619.83,1440000
2020-05-07,4619.83,4638.63,4605.98,4624.75,1450000
2020-05-08,4624.75,4638.63,4606.60,4620.46,1460000
2020-05-11,4620.46,4648.37,4606.60,4634.46,1470000
2020-05-12,4634.46,4653.19,4620.56,4639.28,1480000
2020-05-13,4639.28,4653.19,4620.95,4634.85,1490000
2020-05-14,4634.85,4662.72,4620.95,4648.77,1000000
2020-05-15,4648.77,4667.42,4634.82,4653.46,1010000
2020-05-18,4653.46,4667.42,4634.94,4648.89,1020000
2020-05-19,4648.89,4676.69,4634.94,4662.70,1030000
2020-05-20,4662.70,4681.26,4648.72,4667.26,1040000
2020-05-21,4667.26,4681.26,4648.52,4662.51,1050000
2020-05-22,4662.51,4690.22,4648.52,4676.20,1060000
2020-05-25,4676.20,4694.62,4662.17,4680.58,1070000
2020-05-26,4680.58,4694.62,4661.60,4675.62,1080000
2020-05-27,4675.62,4703.21,4661.60,4689.14,1090000
2020-05-28,4689.14,4707.40,4675.07,4693.32,1100000
2020-05-29,4693.32,4707.40,4674.04,4688.10,1110000
2020-06-01,4688.10,4715.51,4674.04,4701.40,1120000
2020-06-02,4701.40,4719.43,4687.30,4705.32,1130000
2020-06-03,4705.32,4741.98,4691.20,4727.80,1140000
2020-06-04,4727.80,4755.12,4713.61,4740.90,1150000
2020-06-05,4740.90,4758.74,4726.67,4744.51,1160000
2020-06-08,4744.51,4781.12,4730.28,4766.82,1170000
2020-06-09,4766.82,4793.99,4752.52,4779.65,1180000
2020-06-10,4779.65,4797.24,4765.31,4782.89,1190000
2020-06-11,4782.89,4819.37,4768.54,4804.95,1200000
2020-06-12,4804.95,4831.88,4790.54,4817.43,1210000
2020-06-15,4817.43,4834.67,4802.98,4820.21,1220000
2020-06-16,4820.21,4856.46,4805.75,4841.93,1230000
2020-06-17,4841.93,4868.52,4827.41,4853.96,1240000
2020-06-18,4853.96,4870.76,4839.40,4856.19,1250000
2020-06-19,4856.19,4892.10,4841.62,4877.47,1260000
2020-06-22,4877.47,4903.62,4862.84,4888.95,1270000
2020-06-23,4888.95,4905.19,4874.28,4890.52,1280000
2020-06-24,4890.52,4925.99,4875.85,4911.25,1290000
2020-06-25,4911.25,4936.84,4896.52,4922.07,1300000
2020-06-26,4922.07,4967.02,4907.30,4952.16,1310000
2020-06-29,4952.16,4987.25,4937.31,4972.34,1320000
2020-06-30,4972.34,4997.38,4957.42,4982.43,1330000
2020-07-01,4982.43,5027.04,4967.49,5012.00,1340000
2020-07-02,5012.00,5046.58,4996.97,5031.48,1350000
2020-07-03,5031.48,5055.84,5016.39,5040.72,1360000
2020-07-06,5040.72,5084.82,5025.60,5069.62,1370000
2020-07-07,5069.62,5103.52,5054.41,5088.25,1380000
2020-07-08,5088.25,5111.77,5072.99,5096.48,1390000
2020-07-09,5096.48,5139.92,5081.19,5124.55,1400000
2020-07-10,5124.55,5157.61,5109.17,5142.18,1410000
2020-07-13,5142.18,5164.70,5126.76,5149.25,1420000
2020-07-14,5149.25,5191.84,5133.81,5176.31,1430000
2020-07-15,5176.31,5208.37,5160.79,5192.79,1440000
2020-07-16,5192.79,5214.13,5177.21,5198.54,1450000
2020-07-17,5198.54,5240.09,5182.94,5224.42,1460000
2020-07-20,5224.42,5255.28,5208.75,5239.56,1470000
2020-07-21,5239.56,5290.82,5223.84,5275.00,1480000
2020-07-22,5275.00,5315.57,5259.17,5299.67,1490000
2020-07-23,5299.67,5329.32,5283.77,5313.38,1000000
2020-07-24,5313.38,5363.66,5297.44,5347.62,1010000
2020-07-27,5347.62,5386.99,5331.58,5370.87,1020000
2020-07-28,5370.87,5399.11,5354.76,5382.96,1030000
2020-07-29,5382.96,5432.03,5366.81,5415.79,1040000
2020-07-30,5415.79,5453.73,5399.54,5437.42,1050000
2020-07-31,5437.42,5464.02,5421.11,5447.68,1060000
2020-08-03,5447.68,5495.31,5431.33,5478.87,1070000
2020-08-04,5478.87,5515.17,5462.44,5498.67,1080000
2020-08-05,5498.67,5523.42,5482.17,5506.90,1090000
2020-08-06,5506.90,5552.85,5490.38,5536.25,1100000
2020-08-07,5536.25,5570.66,5519.64,5554.00,1110000
2020-08-10,5554.00,5576.69,5537.34,5560.01,1120000
2020-08-11,5560.01,5604.04,5543.33,5587.28,1130000
2020-08-12,5587.28,5619.58,5570.51,5602.78,1140000
2020-08-13,5602.78,5656.62,5585.97,5639.70,1150000
2020-08-14,5639.70,5681.82,5622.78,5664.83,1160000
2020-08-17,5664.83,5694.99,5647.83,5677.95,1170000
2020-08-18,5677.95,5729.87,5660.92,5712.73,1180000
2020-08-19,5712.73,5752.68,5695.59,5735.47,1190000
2020-08-20,5735.47,5763.23,5718.27,5746.00,1200000
2020-08-21,5746.00,5795.71,5728.76,5778.38,1210000
2020-08-24,5778.38,5815.90,5761.04,5798.50,1220000
2020-08-25,5798.50,5823.63,5781.11,5806.21,1230000
2020-08-26,5806.21,5853.46,5788.79,5835.95,1240000
2020-08-27,5835.95,5870.80,5818.44,5853.24,1250000
2020-08-28,5853.24,5875.50,5835.68,5857.93,1260000
2020-08-31,5857.93,5902.45,5840.35,5884.80,1270000
2020-09-01,5884.80,5916.74,5867.14,5899.04,1280000
2020-09-02,5899.04,5918.22,5881.34,5900.52,1290000
2020-09-03,5900.52,5942.08,5882.82,5924.30,1300000
2020-09-04,5924.30,5953.11,5906.53,5935.31,1310000
2020-09-07,5935.31,5986.64,5917.50,5968.73,1320000
2020-09-08,5968.73,6007.32,5950.83,5989.35,1330000
2020-09-09,5989.35,6014.98,5971.39,5996.99,1340000
2020-09-10,5996.99,6045.32,5979.00,6027.24,1350000
2020-09-11,6027.24,6062.61,6009.16,6044.48,1360000
2020-09-14,6044.48,6066.71,6026.35,6048.56,1370000
2020-09-15,6048.56,6093.64,6030.42,6075.41,1380000
2020-09-16,6075.41,6107.35,6057.19,6089.08,1390000
2020-09-17,6089.08,6107.72,6070.82,6089.45,1400000
2020-09-18,6089.45,6131.04,6071.18,6112.70,1410000
2020-09-21,6112.70,6141.00,6094.36,6122.63,1420000
2020-09-22,6122.63,6141.00,6100.79,6119.14,1430000
2020-09-23,6119.14,6157.04,6100.79,6138.63,1440000
2020-09-24,6138.63,6163.12,6120.21,6144.69,1450000
2020-09-25,6144.69,6163.12,6118.83,6137.24,1460000
2020-09-28,6137.24,6171.28,6118.83,6152.82,1470000
2020-09-29,6152.82,6173.36,6134.36,6154.89,1480000
2020-09-30,6154.89,6198.58,6136.43,6180.04,1490000
2020-10-01,6180.04,6210.25,6161.50,6191.67,1000000
2020-10-02,6191.67,6210.25,6171.12,6189.69,1010000
2020-10-05,6189.69,6229.52,6171.12,6210.88,1020000
2020-10-06,6210.88,6237.11,6192.25,6218.46,1030000
2020-10-07,6218.46,6237.11,6193.69,6212.32,1040000
2020-10-08,6212.32,6248.14,6193.69,6229.45,1050000
2020-10-09,6229.45,6251.58,6210.76,6232.88,1060000
2020-10-12,6232.88,6251.58,6203.88,6222.55,1070000
2020-10-13,6222.55,6254.23,6203.88,6235.53,1080000
2020-10-14,6235.53,6254.23,6216.06,6234.76,1090000
2020-10-15,6234.76,6253.47,6201.57,6220.23,1100000
2020-10-16,6220.23,6247.70,6201.57,6229.01,1110000
2020-10-19,6229.01,6247.70,6205.38,6224.05,1120000
2020-10-20,6224.05,6242.72,6186.73,6205.35,1130000
2020-10-21,6205.35,6228.56,6186.73,6209.93,1140000
2020-10-22,6209.93,6228.56,6182.19,6200.80,1150000
2020-10-23,6200.80,6233.53,6182.19,6214.89,1160000
2020-10-26,6214.89,6233.94,6196.24,6215.29,1170000
2020-10-27,6215.29,6233.94,6183.38,6201.99,1180000
2020-10-28,6201.99,6230.57,6183.38,6211.93,1190000
2020-10-29,6211.93,6230.57,6189.56,6208.19,1200000
2020-10-30,6208.19,6226.81,6172.19,6190.76,1210000
2020-11-02,6190.76,6215.17,6172.19,6196.58,1220000
2020-11-03,6196.58,6215.17,6170.18,6188.75,1230000
2020-11-04,6188.75,6207.31,6148.79,6167.30,1240000
2020-11-05,6167.30,6187.55,6148.79,6169.04,1250000
2020-11-06,6169.04,6187.55,6138.74,6157.22,1260000
2020-11-09,6157.22,6175.69,6113.48,6131.87,1270000
2020-11-10,6131.87,6150.27,6111.25,6129.64,1280000
2020-11-11,6129.64,6148.03,6095.61,6113.95,1290000
2020-11-12,6113.95,6132.29,6066.63,6084.88,1300000
2020-11-13,6084.88,6103.13,6060.57,6078.80,1310000
2020-11-16,6078.80,6097.04,6041.23,6059.41,1320000
2020-11-17,6059.41,6081.04,6041.23,6062.86,1330000
2020-11-18,6062.86,6081.04,6034.87,6053.03,1340000
2020-11-19,6053.03,6071.19,6011.90,6029.99,1350000
2020-11-20,6029.99,6048.08,6011.64,6029.73,1360000
2020-11-23,6029.73,6047.82,5998.26,6016.31,1370000
2020-11-24,6016.31,6034.35,5971.82,5989.78,1380000
2020-11-25,5989.78,6007.75,5968.01,5985.96,1390000
2020-11-26,5985.96,6003.92,5951.20,5969.11,1400000
2020-11-27,5969.11,5987.02,5921.50,5939.31,1410000
2020-11-30,5939.31,5957.13,5914.30,5932.10,1420000
2020-12-01,5932.10,5949.89,5894.27,5912.01,1430000
2020-12-02,5912.01,5929.74,5861.52,5879.16,1440000
2020-12-03,5879.16,5896.80,5851.13,5868.74,1450000
2020-12-04,5868.74,5886.35,5828.09,5845.63,1460000
2020-12-07,5845.63,5863.17,5792.54,5809.97,1470000
2020-12-08,5809.97,5827.40,5779.17,5796.55,1480000
2020-12-09,5796.55,5813.94,5753.35,5770.66,1490000
2020-12-10,5770.66,5787.97,5749.48,5766.78,1000000
2020-12-11,5766.78,5784.08,5733.24,5750.49,1010000
2020-12-14,5750.49,5767.75,5704.72,5721.89,1020000
2020-12-15,5721.89,5739.06,5698.04,5715.19,1030000
2020-12-16,5715.19,5732.33,5679.15,5696.23,1040000
2020-12-17,5696.23,5713.32,5648.15,5665.14,1050000
2020-12-18,5665.14,5682.14,5638.85,5655.81,1060000
2020-12-21,5655.81,5672.78,5617.51,5634.41,1070000
2020-12-22,5634.41,5651.32,5584.27,5601.07,1080000
2020-12-23,5601.07,5617.88,5572.55,5589.32,1090000
2020-12-24,5589.32,5606.09,5505.68,5522.25,1100000
2020-12-25,5522.25,5538.82,5428.60,5444.94,1110000
2020-12-28,5444.94,5461.27,5341.75,5357.82,1120000
2020-12-29,5357.82,5373.89,5277.64,5293.52,1130000
2020-12-30,5293.52,5309.41,5203.76,5219.42,1140000
2020-12-31,5219.42,5235.07,5188.54,5204.15,1150000
2021-01-01,5204.15,5219.77,5162.42,5177.95,1160000
2021-01-04,5177.95,5193.49,5156.26,5171.78,1170000
2021-01-05,5171.78,5187.29,5139.26,5154.72,1180000
2021-01-06,5154.72,5170.18,5111.50,5126.89,1190000
2021-01-07,5126.89,5142.27,5103.59,5118.94,1200000
2021-01-08,5118.94,5134.30,5084.98,5100.28,1210000
2021-01-11,5100.28,5115.58,5055.80,5071.01,1220000
2021-01-12,5071.01,5086.23,5046.30,5061.48,1230000
2021-01-13,5061.48,5076.67,5026.28,5041.41,1240000
2021-01-14,5041.41,5056.53,4995.87,5010.90,1250000
2021-01-15,5010.90,5025.93,4984.96,4999.96,1260000
2021-01-18,4999.96,5014.96,4963.71,4978.65,1270000
2021-01-19,4978.65,4993.59,4932.25,4947.09,1280000
2021-01-20,4947.09,4961.94,4920.11,4934.92,1290000
2021-01-21,4934.92,4949.72,4897.82,4912.56,1300000
2021-01-22,4912.56,4927.29,4865.50,4880.14,1310000
2021-01-25,4880.14,4894.78,4852.29,4866.89,1320000
2021-01-26,4866.89,4881.49,4829.12,4843.65,1330000
2021-01-27,4843.65,4858.18,4824.84,4839.36,1340000
2021-01-28,4839.36,4853.88,4810.65,4825.12,1350000
2021-01-29,4825.12,4839.60,4786.61,4801.02,1360000
2021-02-01,4801.02,4815.42,4781.36,4795.75,1370000
2021-02-02,4795.75,4810.14,4766.32,4780.66,1380000
2021-02-03,4780.66,4795.00,4741.57,4755.84,1390000
2021-02-04,4755.84,4770.11,4735.47,4749.72,1400000
2021-02-05,4749.72,4763.97,4719.72,4733.92,1410000
2021-02-08,4733.92,4748.12,4694.39,4708.52,1420000
2021-02-09,4708.52,4722.64,4687.58,4701.68,1430000
2021-02-10,4701.68,4715.79,4671.23,4685.29,1440000
2021-02-11,4685.29,4699.35,4645.46,4659.44,1450000
2021-02-12,4659.44,4673.41,4638.04,4651.99,1460000
2021-02-15,4651.99,4665.95,4621.22,4635.13,1470000
2021-02-16,4635.13,4649.03,4595.11,4608.94,1480000
2021-02-17,4608.94,4622.77,4587.19,4601.00,1490000
2021-02-18,4601.00,4614.80,4570.02,4583.77,1000000
2021-02-19,4583.77,4598.38,4570.02,4584.62,1010000
2021-02-22,4584.62,4598.38,4562.50,4576.23,1020000
2021-02-23,4576.23,4589.96,4544.95,4558.63,1030000
2021-02-24,4558.63,4572.72,4544.95,4559.04,1040000
2021-02-25,4559.04,4572.72,4536.63,4550.28,1050000
2021-02-26,4550.28,4563.93,4518.80,4532.39,1060000
2021-03-01,4532.39,4546.03,4518.80,4532.44,1070000
2021-03-02,4532.44,4546.03,4509.81,4523.38,1080000
2021-03-03,4523.38,4536.95,4491.76,4505.28,1090000
2021-03-04,4505.28,4518.79,4491.50,4505.02,1100000
2021-03-05,4505.02,4518.53,4482.25,4495.74,1110000
2021-03-08,4495.74,4509.22,4464.04,4477.48,1120000
2021-03-09,4477.48,4490.91,4463.54,4476.97,1130000
2021-03-10,4476.97,4490.41,4454.12,4467.52,1140000
2021-03-11,4467.52,4480.92,4435.81,4449.16,1150000
2021-03-12,4449.16,4462.51,4435.11,4448.46,1160000
2021-03-15,4448.46,4461.80,4425.56,4438.88,1170000
2021-03-16,4438.88,4460.21,4425.56,4446.87,1180000
2021-03-17,4446.87,4460.21,4432.67,4446.00,1190000
2021-03-18,4446.00,4459.34,4422.96,4436.27,1200000
2021-03-19,4436.27,4457.45,4422.96,4444.11,1210000
2021-03-22,4444.11,4457.45,4429.78,4443.11,1220000
2021-03-23,4443.11,4456.44,4419.95,4433.25,1230000
2021-03-24,4433.25,4454.28,4419.95,4440.96,1240000
2021-03-25,4440.96,4454.28,4426.52,4439.84,1250000
2021-03-26,4439.84,4453.16,4416.58,4429.87,1260000
2021-03-29,4429.87,4450.77,4416.58,4437.45,1270000
2021-03-30,4437.45,4450.77,4422.91,4436.22,1280000
2021-03-31,4436.22,4449.52,4412.86,4426.14,1290000
2021-04-01,4426.14,4446.91,4412.86,4433.61,1300000
2021-04-02,4433.61,4446.91,4418.95,4432.25,1310000
2021-04-05,4432.25,4445.55,4408.80,4422.07,1320000
2021-04-06,4422.07,4442.69,4408.80,4429.40,1330000
2021-04-07,4429.40,4442.69,4414.64,4427.92,1340000
2021-04-08,4427.92,4457.29,4414.64,4443.96,1350000
2021-04-09,4443.96,4464.54,4430.63,4451.19,1360000
2021-04-12,4451.19,4464.54,4436.20,4449.55,1370000
2021-04-13,4449.55,4478.90,4436.20,4465.51,1380000
2021-04-14,4465.51,4486.02,4452.11,4472.60,1390000
2021-04-15,4472.60,4486.02,4457.36,4470.78,1400000
2021-04-16,4470.78,4500.08,4457.36,4486.62,1410000
2021-04-19,4486.62,4507.02,4473.16,4493.54,1420000
2021-04-20,4493.54,4507.02,4478.01,4491.48,1430000
2021-04-21,4491.48,4520.68,4478.01,4507.16,1440000
2021-04-22,4507.16,4527.40,4493.64,4513.86,1450000
2021-04-23,4513.86,4527.40,4497.99,4511.53,1460000
2021-04-26,4511.53,4540.57,4497.99,4526.98,1470000
2021-04-27,4526.98,4547.01,4513.40,4533.41,1480000
2021-04-28,4533.41,4547.01,4517.14,4530.73,1490000
2021-04-29,4530.73,4559.54,4517.14,4545.90,1000000
2021-04-30,4545.90,4565.64,4532.27,4551.98,1010000
2021-05-03,4551.98,4589.71,4538.32,4575.98,1020000
2021-05-04,4575.98,4604.66,4562.25,4590.88,1030000
2021-05-05,4590.88,4610.36,4577.11,4596.57,1040000
2021-05-06,4596.57,4634.19,4582.78,4620.33,1050000
2021-05-07,4620.33,4648.78,4606.47,4634.87,1060000
2021-05-10,4634.87,4654.00,4620.97,4640.08,1070000
2021-05-11,4640.08,4677.49,4626.16,4663.50,1080000
2021-05-12,4663.50,4691.62,4649.51,4677.58,1090000
2021-05-13,4677.58,4696.26,4663.55,4682.21,1100000
2021-05-14,4682.21,4719.30,4668.17,4705.19,1110000
2021-05-17,4705.19,4732.86,4691.07,4718.70,1120000
2021-05-18,4718.70,4736.81,4704.55,4722.64,1130000
2021-05-19,4722.64,4759.29,4708.47,4745.05,1140000
2021-05-20,4745.05,4772.16,4730.82,4757.88,1150000
2021-05-21,4757.88,4775.30,4743.61,4761.02,1160000
2021-05-24,4761.02,4797.09,4746.74,4782.74,1170000
2021-05-25,4782.74,4809.14,4768.39,4794.76,1180000
2021-05-26,4794.76,4839.97,4780.37,4825.49,1190000
2021-05-27,4825.49,4861.05,4811.02,4846.51,1200000
2021-05-28,4846.51,4872.22,4831.97,4857.65,1210000
2021-05-31,4857.65,4902.37,4843.08,4887.71,1220000
2021-06-01,4887.71,4922.60,4873.05,4907.87,1230000
2021-06-02,4907.87,4932.73,4893.15,4917.98,1240000
2021-06-03,4917.98,4962.04,4903.23,4947.20,1250000
2021-06-04,4947.20,4981.24,4932.36,4966.34,1260000
2021-06-07,4966.34,4990.19,4951.44,4975.26,1270000
2021-06-08,4975.26,5018.48,4960.34,5003.47,1280000
2021-06-09,5003.47,5036.49,4988.46,5021.42,1290000
2021-06-10,5021.42,5044.08,5006.36,5028.99,1300000
2021-06-11,5028.99,5071.17,5013.90,5056.00,1310000
2021-06-14,5056.00,5087.81,5040.83,5072.59,1320000
2021-06-15,5072.59,5093.87,5057.38,5078.64,1330000
2021-06-16,5078.64,5119.58,5063.40,5104.27,1340000
2021-06-17,5104.27,5134.68,5088.96,5119.32,1350000
2021-06-18,5119.32,5169.60,5103.97,5154.13,1360000
2021-06-21,5154.13,5193.88,5138.67,5178.34,1370000
2021-06-22,5178.34,5207.33,5162.81,5191.76,1380000
2021-06-23,5191.76,5240.82,5176.18,5225.15,1390000
2021-06-24,5225.15,5263.46,5209.47,5247.72,1400000
2021-06-25,5247.72,5275.07,5231.98,5259.29,1410000
2021-06-28,5259.29,5306.92,5243.51,5291.05,1420000
2021-06-29,5291.05,5327.71,5275.17,5311.77,1430000
2021-06-30,5311.77,5337.27,5295.84,5321.30,1440000
2021-07-01,5321.30,5367.25,5305.34,5351.20,1450000
2021-07-02,5351.20,5385.98,5335.14,5369.87,1460000
2021-07-05,5369.87,5393.29,5353.76,5377.16,1470000
2021-07-06,5377.16,5421.18,5361.02,5404.97,1480000
2021-07-07,5404.97,5437.64,5388.75,5421.38,1490000
2021-07-08,5421.38,5442.51,5405.11,5426.23,1000000
2021-07-09,5426.23,5468.10,5409.95,5451.75,1010000
2021-07-12,5451.75,5482.08,5435.39,5465.69,1020000
2021-07-13,5465.69,5516.95,5449.29,5500.44,1030000
2021-07-14,5500.44,5540.16,5483.94,5523.59,1040000
2021-07-15,5523.59,5551.55,5507.02,5534.95,1050000
2021-07-16,5534.95,5584.02,5518.34,5567.32,1060000
2021-07-19,5567.32,5604.64,5550.62,5587.87,1070000
2021-07-20,5587.87,5613.22,5571.11,5596.43,1080000
2021-07-21,5596.43,5643.07,5579.64,5626.19,1090000
2021-07-22,5626.19,5660.85,5609.31,5643.92,1100000
2021-07-23,5643.92,5666.43,5626.99,5649.48,1110000
2021-07-26,5649.48,5693.43,5632.53,5676.40,1120000
2021-07-27,5676.40,5708.19,5659.37,5691.11,1130000
2021-07-28,5691.11,5710.57,5674.04,5693.49,1140000
2021-07-29,5693.49,5734.51,5676.41,5717.36,1150000
2021-07-30,5717.36,5746.06,5700.21,5728.87,1160000
2021-08-02,5728.87,5746.06,5710.73,5727.91,1170000
2021-08-03,5727.91,5765.78,5710.73,5748.54,1180000
2021-08-04,5748.54,5773.95,5731.29,5756.68,1190000
2021-08-05,5756.68,5803.86,5739.41,5786.50,1200000
2021-08-06,5786.50,5821.23,5769.14,5803.82,1210000
2021-08-09,5803.82,5825.91,5786.41,5808.48,1220000
2021-08-10,5808.48,5852.49,5791.06,5834.98,1230000
2021-08-11,5834.98,5866.36,5817.48,5848.81,1240000
2021-08-12,5848.81,5867.39,5831.26,5849.84,1250000
2021-08-13,5849.84,5890.45,5832.29,5872.83,1260000
2021-08-16,5872.83,5900.66,5855.21,5883.01,1270000
2021-08-17,5883.01,5900.66,5862.63,5880.27,1280000
2021-08-18,5880.27,5917.30,5862.63,5899.60,1290000
2021-08-19,5899.60,5923.72,5881.90,5906.00,1300000
2021-08-20,5906.00,5923.72,5881.72,5899.41,1310000
2021-08-23,5899.41,5932.69,5881.72,5914.94,1320000
2021-08-24,5914.94,5935.23,5897.20,5917.48,1330000
2021-08-25,5917.48,5935.23,5889.25,5906.97,1340000
2021-08-26,5906.97,5936.36,5889.25,5918.61,1350000
2021-08-27,5918.61,5936.36,5899.46,5917.21,1360000
2021-08-30,5917.21,5955.78,5899.46,5937.97,1370000
2021-08-31,5937.97,5963.53,5920.15,5945.69,1380000
2021-09-01,5945.69,5963.53,5922.49,5940.31,1390000
2021-09-02,5940.31,5958.13,5851.42,5869.03,1400000
2021-09-03,5869.03,5886.63,5769.50,5786.86,1410000
2021-09-06,5786.86,5804.22,5677.19,5694.27,1420000
2021-09-07,5694.27,5711.35,5609.06,5625.94,1430000
2021-09-08,5625.94,5642.82,5530.53,5547.18,1440000
2021-09-09,5547.18,5563.82,5518.07,5534.68,1450000
2021-09-10,5534.68,5559.55,5518.07,5542.92,1460000
2021-09-13,5542.92,5559.55,5522.32,5538.93,1470000
2021-09-14,5538.93,5555.55,5506.16,5522.73,1480000
2021-09-15,5522.73,5543.82,5506.16,5527.24,1490000
2021-09-16,5527.24,5543.82,5502.99,5519.55,1000000
2021-09-17,5519.55,5536.11,5483.20,5499.70,1010000
2021-09-20,5499.70,5517.02,5483.20,5500.52,1020000
2021-09-21,5500.52,5517.02,5472.73,5489.20,1030000
2021-09-22,5489.20,5514.97,5472.73,5498.47,1040000
2021-09-23,5498.47,5514.97,5479.15,5495.64,1050000
2021-09-24,5495.64,5512.13,5464.27,5480.71,1060000
2021-09-27,5480.71,5502.82,5464.27,5486.36,1070000
2021-09-28,5486.36,5502.82,5463.50,5479.94,1080000
2021-09-29,5479.94,5496.38,5445.10,5461.48,1090000
2021-09-30,5461.48,5479.97,5445.10,5463.57,1100000
2021-10-01,5463.57,5479.97,5437.30,5453.66,1110000
2021-10-04,5453.66,5470.02,5415.50,5431.80,1120000
2021-10-05,5431.80,5448.09,5414.12,5430.42,1130000
2021-10-06,5430.42,5446.71,5400.88,5417.13,1140000
2021-10-07,5417.13,5433.38,5375.83,5392.00,1150000
2021-10-08,5392.00,5408.18,5371.11,5387.27,1160000
2021-10-11,5387.27,5403.43,5354.64,5370.75,1170000
2021-10-12,5370.75,5386.87,5326.52,5342.55,1180000
2021-10-13,5342.55,5358.57,5318.60,5334.60,1190000
2021-10-14,5334.60,5350.61,5299.08,5315.03,1200000
2021-10-15,5315.03,5331.51,5299.08,5315.56,1210000
2021-10-18,5315.56,5331.51,5288.60,5304.51,1220000
2021-10-19,5304.51,5320.42,5266.09,5281.94,1230000
2021-10-20,5281.94,5297.78,5263.56,5279.40,1240000
2021-10-21,5279.40,5295.24,5249.60,5265.40,1250000
2021-10-22,5265.40,5281.19,5224.28,5240.00,1260000
2021-10-25,5240.00,5255.72,5218.84,5234.55,1270000
2021-10-26,5234.55,5250.25,5202.11,5217.76,1280000
2021-10-27,5217.76,5233.41,5174.17,5189.74,1290000
2021-10-28,5189.74,5205.31,5165.99,5181.53,1300000
2021-10-29,5181.53,5197.08,5146.67,5162.15,1310000
2021-11-01,5162.15,5177.64,5116.32,5131.72,1320000
2021-11-02,5131.72,5147.11,5105.58,5120.94,1330000
2021-11-03,5120.94,5136.30,5083.87,5099.17,1340000
2021-11-04,5099.17,5114.47,5051.34,5066.54,1350000
2021-11-05,5066.54,5081.74,5038.23,5053.39,1360000
2021-11-08,5053.39,5068.55,5014.36,5029.45,1370000
2021-11-09,5029.45,5044.54,5009.70,5024.78,1380000
2021-11-10,5024.78,5039.85,4994.34,5009.37,1390000
2021-11-11,5009.37,5024.40,4968.36,4983.31,1400000
2021-11-12,4983.31,4998.26,4961.49,4976.42,1410000
2021-11-15,4976.42,4991.35,4944.06,4958.93,1420000
2021-11-16,4958.93,4973.81,4916.17,4930.97,1430000
2021-11-17,4930.97,4945.76,4907.26,4922.02,1440000
2021-11-18,4922.02,4936.79,4887.95,4902.66,1450000
2021-11-19,4902.66,4917.36,4858.36,4872.98,1460000
2021-11-22,4872.98,4887.60,4847.59,4862.18,1470000
2021-11-23,4862.18,4876.76,4826.60,4841.12,1480000
2021-11-24,4841.12,4855.65,4795.52,4809.95,1490000
2021-11-25,4809.95,4824.38,4783.07,4797.46,1000000
2021-11-26,4797.46,4811.86,4760.59,4774.92,1010000
2021-11-29,4774.92,4789.24,4728.22,4742.45,1020000
2021-11-30,4742.45,4756.68,4714.29,4728.47,1030000
2021-12-01,4728.47,4742.66,4690.52,4704.63,1040000
2021-12-02,4704.63,4718.74,4684.96,4699.06,1050000
2021-12-03,4699.06,4713.16,4669.63,4683.68,1060000
2021-12-06,4683.68,4697.73,4644.60,4658.58,1070000
2021-12-07,4658.58,4672.55,4637.67,4651.63,1080000
2021-12-08,4651.63,4665.58,4621.10,4635.01,1090000
2021-12-09,4635.01,4648.91,4594.99,4608.82,1100000
2021-12-10,4608.82,4622.65,4586.84,4600.64,1110000
2021-12-13,4600.64,4614.45,4569.20,4582.95,1120000
2021-12-14,4582.95,4596.70,4542.17,4555.84,1130000
2021-12-15,4555.84,4569.51,4532.95,4546.59,1140000
2021-12-16,4546.59,4560.23,4514.39,4527.97,1150000
2021-12-17,4527.97,4541.55,4486.60,4500.10,1160000
2021-12-20,4500.10,4513.60,4476.45,4489.92,1170000
2021-12-21,4489.92,4503.39,4457.12,4470.53,1180000
2021-12-22,4470.53,4483.94,4428.72,4442.05,1190000
2021-12-23,4442.05,4455.37,4417.78,4431.07,1200000
2021-12-24,4431.07,4444.37,4397.82,4411.05,1210000
2021-12-27,4411.05,4424.28,4395.12,4408.35,1220000
2021-12-28,4408.35,4421.57,4383.45,4396.64,1230000
2021-12-29,4396.64,4409.83,4362.87,4376.00,1240000
2021-12-30,4376.00,4389.12,4359.45,4372.57,1250000
2021-12-31,4372.57,4385.69,4347.17,4360.25,1260000
2022-01-03,4360.25,4373.33,4326.08,4339.10,1270000
2022-01-04,4339.10,4352.11,4322.05,4335.05,1280000
2022-01-05,4335.05,4348.06,4309.26,4322.22,1290000
2022-01-06,4322.22,4335.19,4287.77,4300.67,1300000
2022-01-07,4300.67,4313.57,4283.22,4296.11,1310000
2022-01-10,4296.11,4309.00,4270.02,4282.87,1320000
2022-01-11,4282.87,4295.72,4248.23,4261.02,1330000
2022-01-12,4261.02,4273.80,4243.26,4256.03,1340000
2022-01-13,4256.03,4268.80,4229.74,4242.47,1350000
2022-01-14,4242.47,4255.19,4207.74,4220.40,1360000
2022-01-17,4220.40,4233.06,4202.42,4215.07,1370000
2022-01-18,4215.07,4227.71,4188.66,4201.26,1380000
2022-01-19,4201.26,4216.67,4188.66,4204.06,1390000
2022-01-20,4204.06,4216.67,4185.82,4198.42,1400000
2022-01-21,4198.42,4211.01,4171.81,4184.36,1410000
2022-01-24,4184.36,4199.42,4171.81,4186.86,1420000
2022-01-25,4186.86,4199.42,4168.43,4180.97,1430000
2022-01-26,4180.97,4193.51,4154.22,4166.72,1440000
2022-01-27,4166.72,4181.47,4154.22,4168.97,1450000
2022-01-28,4168.97,4181.47,4150.39,4162.88,1460000
2022-01-31,4162.88,4175.37,4136.04,4148.48,1470000
2022-02-01,4148.48,4162.98,4136.04,4150.53,1480000
2022-02-02,4150.53,4162.98,4131.86,4144.29,1490000
2022-02-03,4144.29,4156.72,4117.40,4129.79,1000000
2022-02-04,4129.79,4144.06,4117.40,4131.67,1010000
2022-02-07,4131.67,4144.06,4112.93,4125.31,1020000
2022-02-08,4125.31,4137.68,4098.40,4110.73,1030000
2022-02-09,4110.73,4124.81,4098.40,4112.47,1040000
2022-02-10,4112.47,4124.81,4093.70,4106.01,1050000
2022-02-11,4106.01,4128.16,4093.70,4115.82,1060000
2022-02-14,4115.82,4129.80,4103.47,4117.44,1070000
2022-02-15,4117.44,4129.80,4098.53,4110.87,1080000
2022-02-16,4110.87,4132.94,4098.53,4120.57,1090000
2022-02-17,4120.57,4134.46,4108.21,4122.09,1100000
2022-02-18,4122.09,4134.46,4103.06,4115.41,1110000
2022-02-21,4115.41,4137.39,4103.06,4125.02,1120000
2022-02-22,4125.02,4138.81,4112.64,4126.43,1130000
2022-02-23,4126.43,4138.81,4107.27,4119.62,1140000
2022-02-24,4119.62,4141.52,4107.27,4129.13,1150000
2022-02-25,4129.13,4142.82,4116.74,4130.43,1160000
2022-02-28,4130.43,4142.82,4111.13,4123.50,1170000
2022-03-01,4123.50,4145.28,4111.13,4132.89,1180000
2022-03-02,4132.89,4146.45,4120.49,4134.05,1190000
2022-03-03,4134.05,4146.45,4114.59,4126.97,1200000
2022-03-04,4126.97,4148.62,4114.59,4136.21,1210000
2022-03-07,4136.21,4149.63,4123.80,4137.22,1220000
2022-03-08,4137.22,4167.03,4124.80,4154.57,1230000
2022-03-09,4154.57,4176.18,4142.11,4163.69,1240000
2022-03-10,4163.69,4177.00,4151.20,4164.50,1250000
2022-03-11,4164.50,4194.31,4152.01,4181.76,1260000
2022-03-14,4181.76,4203.29,4169.21,4190.71,1270000
2022-03-15,4190.71,4203.86,4178.14,4191.29,1280000
2022-03-16,4191.29,4221.02,4178.71,4208.39,1290000
2022-03-17,4208.39,4229.78,4195.77,4217.13,1300000
2022-03-18,4217.13,4230.06,4204.47,4217.41,1310000
2022-03-21,4217.41,4247.01,4204.75,4234.30,1320000
2022-03-22,4234.30,4255.48,4221.60,4242.75,1330000
2022-03-23,4242.75,4255.48,4229.94,4242.67,1340000
2022-03-24,4242.67,4272.07,4229.94,4259.29,1350000
2022-03-25,4259.29,4280.18,4246.51,4267.38,1360000
2022-03-28,4267.38,4280.18,4254.07,4266.87,1370000
2022-03-29,4266.87,4295.98,4254.07,4283.13,1380000
2022-03-30,4283.13,4303.66,4270.28,4290.79,1390000
2022-03-31,4290.79,4328.24,4277.91,4315.30,1400000
2022-04-01,4315.30,4344.20,4302.35,4331.20,1410000
2022-04-04,4331.20,4351.39,4318.21,4338.38,1420000
2022-04-05,4338.38,4375.65,4325.36,4362.56,1430000
2022-04-06,4362.56,4391.15,4349.48,4378.01,1440000
2022-04-07,4378.01,4397.76,4364.88,4384.60,1450000
2022-04-08,4384.60,4421.58,4371.45,4408.35,1460000
2022-04-11,4408.35,4436.51,4395.13,4423.24,1470000
2022-04-12,4423.24,4442.42,4409.97,4429.13,1480000
2022-04-13,4429.13,4465.69,4415.85,4452.33,1490000
2022-04-14,4452.33,4479.93,4438.97,4466.53,1000000
2022-04-15,4466.53,4485.02,4453.13,4471.61,1010000
2022-04-18,4471.61,4507.60,4458.19,4494.12,1020000
2022-04-19,4494.12,4521.03,4480.64,4507.51,1030000
2022-04-20,4507.51,4525.19,4493.98,4511.65,1040000
2022-04-21,4511.65,4546.94,4498.12,4533.34,1050000
2022-04-22,4533.34,4559.42,4519.74,4545.78,1060000
2022-04-25,4545.78,4589.63,4532.14,4575.90,1070000
2022-04-26,4575.90,4610.54,4562.17,4596.75,1080000
2022-04-27,4596.75,4621.99,4582.96,4608.17,1090000
2022-04-28,4608.17,4651.38,4594.34,4637.47,1100000
2022-04-29,4637.47,4671.29,4623.55,4657.31,1110000
2022-05-02,4657.31,4681.56,4643.34,4667.55,1120000
2022-05-03,4667.55,4709.95,4653.55,4695.86,1130000
2022-05-04,4695.86,4728.68,4681.77,4714.54,1140000
2022-05-05,4714.54,4737.60,4700.39,4723.43,1150000
2022-05-06,4723.43,4764.82,4709.26,4750.57,1160000
2022-05-09,4750.57,4782.20,4736.32,4767.90,1170000
2022-05-10,4767.90,4789.62,4753.60,4775.29,1180000
2022-05-11,4775.29,4815.47,4760.97,4801.07,1190000
2022-05-12,4801.07,4815.47,4729.23,4743.46,1200000
2022-05-13,4743.46,4757.69,4663.02,4677.05,1210000
2022-05-16,4677.05,4691.08,4588.41,4602.22,1220000
2022-05-17,4602.22,4616.02,4533.35,4546.99,1230000
2022-05-18,4546.99,4560.63,4469.88,4483.33,1240000
2022-05-19,4483.33,4517.59,4469.88,4504.08,1250000
2022-05-20,4504.08,4528.91,4490.57,4515.36,1260000
2022-05-23,4515.36,4557.58,4501.82,4543.95,1270000
2022-05-24,4543.95,4576.74,4530.32,4563.05,1280000
2022-05-25,4563.05,4586.22,4549.36,4572.51,1290000
2022-05-26,4572.51,4613.23,4558.79,4599.44,1300000
2022-05-27,4599.44,4630.55,4585.64,4616.70,1310000
2022-05-30,4616.70,4638.03,4602.85,4624.15,1320000
2022-05-31,4624.15,4663.18,4610.28,4649.23,1330000
2022-06-01,4649.23,4678.47,4635.28,4664.48,1340000
2022-06-02,4664.48,4683.77,4650.48,4669.76,1350000
2022-06-03,4669.76,4706.87,4655.75,4692.80,1360000
2022-06-06,4692.80,4719.96,4678.72,4705.85,1370000
2022-06-07,4705.85,4722.92,4691.73,4708.79,1380000
2022-06-08,4708.79,4743.79,4694.67,4729.61,1390000
2022-06-09,4729.61,4754.51,4715.42,4740.29,1400000
2022-06-10,4740.29,4783.27,4726.07,4768.96,1410000
2022-06-13,4768.96,4801.85,4754.66,4787.49,1420000
2022-06-14,4787.49,4810.09,4773.12,4795.71,1430000
2022-06-15,4795.71,4836.54,4781.32,4822.08,1440000
2022-06-16,4822.08,4852.63,4807.61,4838.12,1450000
2022-06-17,4838.12,4858.23,4823.61,4843.70,1460000
2022-06-20,4843.70,4882.18,4829.17,4867.58,1470000
2022-06-21,4867.58,4895.61,4852.97,4880.97,1480000
2022-06-22,4880.97,4898.41,4866.32,4883.76,1490000
2022-06-23,4883.76,4919.67,4869.11,4904.95,1000000
2022-06-24,4904.95,4930.28,4890.24,4915.53,1010000
2022-06-27,4915.53,4930.28,4900.65,4915.39,1020000
2022-06-28,4915.39,4948.55,4900.65,4933.75,1030000
2022-06-29,4933.75,4956.21,4918.95,4941.38,1040000
2022-06-30,4941.38,4956.21,4923.38,4938.20,1050000
2022-07-01,4938.20,4968.44,4923.38,4953.58,1060000
2022-07-04,4953.58,4973.01,4938.72,4958.14,1070000
2022-07-05,4958.14,4996.27,4943.26,4981.32,1080000
2022-07-06,4981.32,5008.66,4966.38,4993.68,1090000
2022-07-07,4993.68,5010.07,4978.69,4995.09,1100000
2022-07-08,4995.09,5030.28,4980.10,5015.23,1110000
2022-07-11,5015.23,5039.50,5000.19,5024.43,1120000
2022-07-12,5024.43,5039.50,5007.52,5022.59,1130000
2022-07-13,5022.59,5054.69,5007.52,5039.57,1140000
2022-07-14,5039.57,5060.64,5024.45,5045.51,1150000
2022-07-15,5045.51,5060.64,5025.21,5040.33,1160000
2022-07-18,5040.33,5069.20,5025.21,5054.04,1170000
2022-07-19,5054.04,5071.81,5038.88,5056.64,1180000
2022-07-20,5056.64,5071.81,5032.95,5048.09,1190000
2022-07-21,5048.09,5073.63,5032.95,5058.45,1200000
2022-07-22,5058.45,5073.63,5042.50,5057.67,1210000
2022-07-25,5057.67,5072.84,5030.59,5045.72,1220000
2022-07-26,5045.72,5067.85,5030.59,5052.69,1230000
2022-07-27,5052.69,5067.85,5033.36,5048.51,1240000
2022-07-28,5048.51,5078.41,5033.36,5063.23,1250000
2022-07-29,5063.23,5082.00,5048.04,5066.80,1260000
2022-08-01,5066.80,5082.00,5044.02,5059.20,1270000
2022-08-02,5059.20,5085.74,5044.02,5070.53,1280000
2022-08-03,5070.53,5085.91,5055.32,5070.70,1290000
2022-08-04,5070.70,5085.91,5044.49,5059.67,1300000
2022-08-05,5059.67,5082.80,5044.49,5067.60,1310000
2022-08-08,5067.60,5082.80,5049.17,5064.36,1320000
2022-08-09,5064.36,5079.55,5034.80,5049.95,1330000
2022-08-10,5049.95,5069.65,5034.80,5054.49,1340000
2022-08-11,5054.49,5069.65,5032.74,5047.88,1350000
2022-08-12,5047.88,5063.02,5015.06,5030.16,1360000
2022-08-15,5030.16,5046.43,5015.06,5031.34,1370000
2022-08-16,5031.34,5046.43,5006.37,5021.43,1380000
2022-08-17,5021.43,5036.50,4985.49,5000.49,1390000
2022-08-18,5000.49,5015.49,4983.39,4998.38,1400000
2022-08-19,4998.38,5013.38,4970.32,4985.28,1410000
2022-08-22,4985.28,5005.89,4970.32,4990.91,1420000
2022-08-23,4990.91,5005.89,4970.63,4985.58,1430000
2022-08-24,4985.58,5000.54,4954.40,4969.31,1440000
2022-08-25,4969.31,4986.66,4954.40,4971.75,1450000
2022-08-26,4971.75,4986.66,4948.39,4963.28,1460000
2022-08-29,4963.28,4978.17,4929.12,4943.95,1470000
2022-08-30,4943.95,4958.78,4928.45,4943.28,1480000
2022-08-31,4943.28,4958.11,4917.00,4931.80,1490000
2022-09-01,4931.80,4946.59,4894.82,4909.55,1000000
2022-09-02,4909.55,4924.28,4891.17,4905.88,1010000
2022-09-05,4905.88,4920.60,4876.83,4891.51,1020000
2022-09-06,4891.51,4906.18,4851.91,4866.51,1030000
2022-09-07,4866.51,4881.10,4845.40,4859.98,1040000
2022-09-08,4859.98,4874.56,4828.35,4842.87,1050000
2022-09-09,4842.87,4857.40,4800.85,4815.30,1060000
2022-09-12,4815.30,4829.74,4791.64,4806.06,1070000
2022-09-13,4806.06,4820.48,4772.04,4786.40,1080000
2022-09-14,4786.40,4800.76,4770.57,4784.92,1090000
2022-09-15,4784.92,4799.28,4758.76,4773.08,1100000
2022-09-16,4773.08,4787.40,4736.68,4750.93,1110000
2022-09-19,4750.93,4765.18,4732.64,4746.88,1120000
2022-09-20,4746.88,4761.12,4718.38,4732.58,1130000
2022-09-21,4732.58,4746.78,4693.99,4708.12,1140000
2022-09-22,4708.12,4722.24,4687.54,4701.64,1150000
2022-09-23,4701.64,4715.75,4671.01,4685.06,1160000
2022-09-26,4685.06,4699.12,4644.49,4658.47,1170000
2022-09-27,4658.47,4672.44,4635.79,4649.74,1180000
2022-09-28,4649.74,4663.69,4617.16,4631.06,1190000
2022-09-29,4631.06,4644.95,4588.72,4602.53,1200000
2022-09-30,4602.53,4616.34,4577.95,4591.72,1210000
2022-10-03,4591.72,4605.50,4557.41,4571.13,1220000
2022-10-04,4571.13,4584.84,4527.25,4540.87,1230000
2022-10-05,4540.87,4554.49,4514.57,4528.16,1240000
2022-10-06,4528.16,4541.74,4492.33,4505.85,1250000
2022-10-07,4505.85,4519.36,4487.38,4500.88,1260000
2022-10-10,4500.88,4514.38,4472.90,4486.36,1270000
2022-10-11,4486.36,4499.82,4449.00,4462.39,1280000
2022-10-12,4462.39,4475.77,4442.28,4455.64,1290000
2022-10-13,4455.64,4469.01,4426.18,4439.50,1300000
2022-10-14,4439.50,4452.81,4400.79,4414.03,1310000
2022-10-17,4414.03,4427.28,4392.46,4405.68,1320000
2022-10-18,4405.68,4418.89,4374.90,4388.06,1330000
2022-10-19,4388.06,4401.23,4348.21,4361.30,1340000
2022-10-20,4361.30,4374.38,4338.43,4351.49,1350000
2022-10-21,4351.49,4364.54,4319.58,4332.58,1360000
2022-10-24,4332.58,4345.58,4291.77,4304.69,1370000
2022-10-25,4304.69,4317.60,4280.70,4293.59,1380000
2022-10-26,4293.59,4306.47,4260.73,4273.55,1390000
2022-10-27,4273.55,4286.37,4231.97,4244.70,1400000
2022-10-28,4244.70,4257.44,4219.77,4232.47,1410000
2022-10-31,4232.47,4245.16,4198.84,4211.47,1420000
2022-11-01,4211.47,4224.10,4194.27,4206.89,1430000
2022-11-02,4206.89,4219.51,4181.02,4193.60,1440000
2022-11-03,4193.60,4206.18,4159.15,4171.67,1450000
2022-11-04,4171.67,4184.18,4153.55,4166.04,1460000
2022-11-07,4166.04,4178.54,4139.37,4151.83,1470000
2022-11-08,4151.83,4164.28,4116.71,4129.10,1480000
2022-11-09,4129.10,4141.49,4110.19,4122.56,1490000
2022-11-10,4122.56,4134.93,4095.23,4107.55,1000000
2022-11-11,4107.55,4119.88,4071.91,4084.17,1010000
2022-11-14,4084.17,4096.42,4064.61,4076.84,1020000
2022-11-15,4076.84,4089.07,4048.98,4061.17,1030000
2022-11-16,4061.17,4073.35,4025.13,4037.25,1040000
2022-11-17,4037.25,4049.36,4017.15,4029.24,1050000
2022-11-18,4029.24,4041.33,4000.98,4013.02,1060000
2022-11-21,4013.02,4025.06,3976.73,3988.69,1070000
2022-11-22,3988.69,4000.66,3968.18,3980.12,1080000
2022-11-23,3980.12,3992.06,3951.58,3963.47,1090000
2022-11-24,3963.47,3975.36,3950.53,3962.42,1100000
2022-11-25,3962.42,3974.31,3941.47,3953.33,1110000
2022-11-28,3953.33,3965.19,3924.43,3936.24,1120000
2022-11-29,3936.24,3948.05,3922.88,3934.68,1130000
2022-11-30,3934.68,3946.48,3913.38,3925.16,1140000
2022-12-01,3925.16,3936.93,3896.00,3907.73,1150000
2022-12-02,3907.73,3919.45,3894.02,3905.74,1160000
2022-12-05,3905.74,3917.45,3884.18,3895.87,1170000
2022-12-06,3895.87,3907.55,3866.54,3878.17,1180000
2022-12-07,3878.17,3889.80,3864.19,3875.82,1190000
2022-12-08,3875.82,3887.45,3854.08,3865.68,1200000
2022-12-09,3865.68,3877.27,3836.24,3847.79,1210000
2022-12-12,3847.79,3859.33,3833.61,3845.15,1220000
2022-12-13,3845.15,3856.68,3823.29,3834.79,1230000
2022-12-14,3834.79,3846.29,3805.32,3816.77,1240000
2022-12-15,3816.77,3828.22,3802.46,3813.90,1250000
2022-12-16,3813.90,3825.34,3791.98,3803.39,1260000
2022-12-19,3803.39,3819.35,3791.98,3807.92,1270000
2022-12-20,3807.92,3819.35,3793.43,3804.85,1280000
2022-12-21,3804.85,3816.26,3782.78,3794.17,1290000
2022-12-22,3794.17,3809.90,3782.78,3798.51,1300000
2022-12-23,3798.51,3809.90,3783.88,3795.27,1310000
2022-12-26,3795.27,3806.66,3773.10,3784.46,1320000
2022-12-27,3784.46,3800.00,3773.10,3788.64,1330000
2022-12-28,3788.64,3800.00,3773.91,3785.27,1340000
2022-12-29,3785.27,3796.62,3763.03,3774.35,1350000
2022-12-30,3774.35,3789.73,3763.03,3778.40,1360000
2023-01-02,3778.40,3789.73,3763.59,3774.92,1370000
2023-01-03,3774.92,3786.24,3752.62,3763.92,1380000
2023-01-04,3763.92,3779.15,3752.62,3767.84,1390000
2023-01-05,3767.84,3779.15,3752.98,3764.27,1400000
2023-01-06,3764.27,3775.56,3741.94,3753.20,1410000
2023-01-09,3753.20,3768.29,3741.94,3757.02,1420000
2023-01-10,3757.02,3768.29,3742.10,3753.36,1430000
2023-01-11,3753.36,3775.85,3742.10,3764.56,1440000
2023-01-12,3764.56,3779.60,3753.26,3768.29,1450000
2023-01-13,3768.29,3779.60,3753.23,3764.52,1460000
2023-01-16,3764.52,3786.98,3753.23,3775.65,1470000
2023-01-17,3775.65,3790.63,3764.32,3779.29,1480000
2023-01-18,3779.29,3790.63,3764.07,3775.40,1490000
2023-01-19,3775.40,3786.72,3718.90,3730.09,1000000
2023-01-20,3730.09,3741.28,3666.84,3677.87,1010000
2023-01-23,3677.87,3688.90,3608.17,3619.03,1020000
2023-01-24,3619.03,3629.88,3564.87,3575.60,1030000
2023-01-25,3575.60,3586.32,3514.96,3525.54,1040000
2023-01-26,3525.54,3536.11,3511.08,3521.65,1050000
2023-01-27,3521.65,3542.27,3511.08,3531.67,1060000
2023-01-30,3531.67,3545.27,3521.08,3534.67,1070000
2023-01-31,3534.67,3545.27,3520.00,3530.59,1080000
2023-02-01,3530.59,3551.08,3520.00,3540.46,1090000
2023-02-02,3540.46,3553.89,3529.84,3543.26,1100000
2023-02-03,3543.26,3570.72,3532.63,3560.04,1110000
2023-02-06,3560.04,3580.47,3549.36,3569.76,1120000
2023-02-07,3569.76,3583.06,3559.05,3572.34,1130000
2023-02-08,3572.34,3599.77,3561.63,3589.00,1140000
2023-02-09,3589.00,3609.32,3578.24,3598.53,1150000
2023-02-10,3598.53,3611.63,3587.73,3600.83,1160000
2023-02-13,3600.83,3628.16,3590.03,3617.31,1170000
2023-02-14,3617.31,3637.45,3606.46,3626.57,1180000
2023-02-15,3626.57,3639.42,3615.69,3628.54,1190000
2023-02-16,3628.54,3655.70,3617.65,3644.76,1200000
2023-02-17,3644.76,3664.66,3633.83,3653.70,1210000
2023-02-20,3653.70,3666.22,3642.74,3655.26,1220000
2023-02-21,3655.26,3682.17,3644.29,3671.16,1230000
2023-02-22,3671.16,3690.73,3660.15,3679.69,1240000
2023-02-23,3679.69,3691.81,3668.65,3680.76,1250000
2023-02-24,3680.76,3707.35,3669.72,3696.26,1260000
2023-02-27,3696.26,3715.41,3685.17,3704.30,1270000
2023-02-28,3704.30,3738.03,3693.19,3726.85,1280000
2023-03-01,3726.85,3753.16,3715.67,3741.94,1290000
2023-03-02,3741.94,3760.69,3730.71,3749.45,1300000
2023-03-03,3749.45,3782.93,3738.20,3771.61,1310000
2023-03-06,3771.61,3797.54,3760.30,3786.19,1320000
2023-03-07,3786.19,3804.44,3774.83,3793.06,1330000
2023-03-08,3793.06,3826.17,3781.68,3814.72,1340000
2023-03-09,3814.72,3840.16,3803.28,3828.68,1350000
2023-03-10,3828.68,3846.31,3817.19,3834.80,1360000
2023-03-13,3834.80,3867.42,3823.30,3855.86,1370000
2023-03-14,3855.86,3880.68,3844.29,3869.07,1380000
2023-03-15,3869.07,3885.96,3857.46,3874.33,1390000
2023-03-16,3874.33,3906.33,3862.71,3894.65,1400000
2023-03-17,3894.65,3918.72,3882.96,3907.00,1410000
2023-03-20,3907.00,3923.01,3895.27,3911.28,1420000
2023-03-21,3911.28,3942.51,3899.55,3930.72,1430000
2023-03-22,3930.72,3953.91,3918.93,3942.08,1440000
2023-03-23,3942.08,3980.62,3930.25,3968.72,1450000
2023-03-24,3968.72,3999.22,3956.81,3987.26,1460000
2023-03-27,3987.26,4009.55,3975.29,3997.55,1470000
2023-03-28,3997.55,4035.37,3985.56,4023.30,1480000
2023-03-29,4023.30,4052.92,4011.23,4040.79,1490000
2023-03-30,4040.79,4062.03,4028.67,4049.89,1000000
2023-03-31,4049.89,4086.81,4037.74,4074.59,1010000
2023-04-03,4074.59,4103.14,4062.36,4090.87,1020000
2023-04-04,4090.87,4110.90,4078.60,4098.60,1030000
2023-04-05,4098.60,4134.46,4086.31,4122.09,1040000
2023-04-06,4122.09,4149.42,4109.73,4137.01,1050000
2023-04-07,4137.01,4155.67,4124.60,4143.24,1060000
2023-04-10,4143.24,4177.85,4130.81,4165.35,1070000
2023-04-11,4165.35,4191.28,4152.85,4178.75,1080000
2023-04-12,4178.75,4195.86,4166.21,4183.31,1090000
2023-04-13,4183.31,4216.49,4170.76,4203.88,1100000
2023-04-14,4203.88,4228.25,4191.27,4215.60,1110000
2023-04-17,4215.60,4256.18,4202.95,4243.45,1120000
2023-04-18,4243.45,4275.21,4230.72,4262.42,1130000
2023-04-19,4262.42,4285.18,4249.63,4272.37,1140000
2023-04-20,4272.37,4311.51,4259.55,4298.61,1150000
2023-04-21,4298.61,4328.76,4285.72,4315.81,1160000
2023-04-24,4315.81,4336.79,4302.86,4323.82,1170000
2023-04-25,4323.82,4361.32,4310.85,4348.28,1180000
2023-04-26,4348.28,4376.61,4335.23,4363.52,1190000
2023-04-27,4363.52,4382.53,4350.43,4369.43,1200000
2023-04-28,4369.43,4405.09,4356.32,4391.92,1210000
2023-05-01,4391.92,4418.26,4378.74,4405.04,1220000
2023-05-02,4405.04,4421.92,4391.83,4408.69,1230000
2023-05-03,4408.69,4442.32,4395.46,4429.04,1240000
2023-05-04,4429.04,4453.20,4415.75,4439.88,1250000
2023-05-05,4439.88,4454.46,4426.56,4441.13,1260000
2023-05-08,4441.13,4472.55,4427.81,4459.17,1270000
2023-05-09,4459.17,4481.00,4445.79,4467.60,1280000
2023-05-10,4467.60,4506.38,4454.19,4492.90,1290000
2023-05-11,4492.90,4522.10,4479.43,4508.58,1300000
2023-05-12,4508.58,4528.03,4495.05,4514.48,1310000
2023-05-15,4514.48,4551.03,4500.94,4537.41,1320000
2023-05-16,4537.41,4564.21,4523.80,4550.56,1330000
2023-05-17,4550.56,4567.46,4536.91,4553.80,1340000
2023-05-18,4553.80,4587.91,4540.14,4574.19,1350000
2023-05-19,4574.19,4598.41,4560.46,4584.66,1360000
2023-05-22,4584.66,4598.87,4570.90,4585.11,1370000
2023-05-23,4585.11,4616.61,4571.36,4602.80,1380000
2023-05-24,4602.80,4624.30,4588.99,4610.47,1390000
2023-05-25,4610.47,4624.30,4594.21,4608.03,1400000
2023-05-26,4608.03,4636.76,4594.21,4622.90,1410000
2023-05-29,4622.90,4641.54,4609.03,4627.65,1420000
2023-05-30,4627.65,4641.54,4608.38,4622.24,1430000
2023-05-31,4622.24,4648.08,4608.38,4634.18,1440000
2023-06-01,4634.18,4649.85,4620.27,4635.94,1450000
2023-06-02,4635.94,4669.06,4622.04,4655.09,1460000
2023-06-05,4655.09,4678.05,4641.12,4664.06,1470000
2023-06-06,4664.06,4678.05,4648.79,4662.78,1480000
2023-06-07,4662.78,4692.99,4648.79,4678.95,1490000
2023-06-08,4678.95,4698.93,4664.92,4684.87,1000000
2023-06-09,4684.87,4698.93,4666.43,4680.47,1010000
2023-06-12,4680.47,4707.67,4666.43,4693.59,1020000
2023-06-13,4693.59,4710.48,4679.51,4696.39,1030000
2023-06-14,4696.39,4710.48,4674.76,4688.83,1040000
2023-06-15,4688.83,4712.92,4674.76,4698.82,1050000
2023-06-16,4698.82,4712.92,4684.37,4698.47,1060000
2023-06-19,4698.47,4712.56,4673.67,4687.74,1070000
2023-06-20,4687.74,4708.66,4673.67,4694.57,1080000
2023-06-21,4694.57,4708.66,4676.98,4691.05,1090000
2023-06-22,4691.05,4705.13,4663.15,4677.18,1100000
2023-06-23,4677.18,4694.89,4663.15,4680.85,1110000
2023-06-26,4680.85,4694.89,4660.16,4674.18,1120000
2023-06-27,4674.18,4699.08,4660.16,4685.02,1130000
2023-06-28,4685.02,4699.60,4670.97,4685.55,1140000
2023-06-29,4685.55,4699.60,4661.70,4675.73,1150000
2023-06-30,4675.73,4697.49,4661.70,4683.44,1160000
2023-07-03,4683.44,4697.49,4666.79,4680.83,1170000
2023-07-04,4680.83,4694.88,4653.90,4667.91,1180000
2023-07-05,4667.91,4686.52,4653.90,4672.50,1190000
2023-07-06,4672.50,4686.52,4652.80,4666.80,1200000
2023-07-07,4666.80,4680.80,4636.88,4650.83,1210000
2023-07-10,4650.83,4666.31,4636.88,4652.35,1220000
2023-07-11,4652.35,4666.31,4629.71,4643.64,1230000
2023-07-12,4643.64,4657.57,4610.85,4624.72,1240000
2023-07-13,4624.72,4638.60,4609.37,4623.24,1250000
2023-07-14,4623.24,4637.11,4597.76,4611.59,1260000
2023-07-17,4611.59,4625.43,4576.09,4589.85,1270000
2023-07-18,4589.85,4603.62,4571.70,4585.46,1280000
2023-07-19,4585.46,4599.21,4557.30,4571.01,1290000
2023-07-20,4571.01,4587.51,4557.30,4573.79,1300000
2023-07-21,4573.79,4587.51,4552.85,4566.55,1310000
2023-07-24,4566.55,4580.25,4535.69,4549.34,1320000
2023-07-25,4549.34,4562.99,4535.66,4549.31,1330000
2023-07-26,4549.31,4562.96,4525.73,4539.35,1340000
2023-07-27,4539.35,4552.96,4505.94,4519.50,1350000
2023-07-28,4519.50,4533.05,4503.22,4516.77,1360000
2023-07-31,4516.77,4530.32,4490.69,4504.20,1370000
2023-08-01,4504.20,4517.71,4468.42,4481.87,1380000
2023-08-02,4481.87,4495.31,4463.13,4476.56,1390000
2023-08-03,4476.56,4489.99,4448.15,4461.54,1400000
2023-08-04,4461.54,4474.92,4423.57,4436.88,1410000
2023-08-07,4436.88,4450.20,4415.86,4429.15,1420000
2023-08-08,4429.15,4442.43,4398.59,4411.83,1430000
2023-08-09,4411.83,4425.07,4371.88,4385.04,1440000
2023-08-10,4385.04,4398.19,4361.90,4375.02,1450000
2023-08-11,4375.02,4388.15,4342.52,4355.58,1460000
2023-08-14,4355.58,4368.65,4339.70,4352.76,1470000
2023-08-15,4352.76,4365.82,4327.54,4340.56,1480000
2023-08-16,4340.56,4353.58,4306.11,4319.06,1490000
2023-08-17,4319.06,4332.02,4301.15,4314.09,1000000
2023-08-18,4314.09,4327.03,4286.97,4299.87,1010000
2023-08-21,4299.87,4312.77,4263.65,4276.48,1020000
2023-08-22,4276.48,4289.31,4256.69,4269.50,1030000
2023-08-23,4269.50,4282.31,4240.65,4253.41,1040000
2023-08-24,4253.41,4266.17,4215.62,4228.31,1050000
2023-08-25,4228.31,4240.99,4206.83,4219.49,1060000
2023-08-28,4219.49,4232.15,4189.10,4201.71,1070000
2023-08-29,4201.71,4214.31,4162.54,4175.06,1080000
2023-08-30,4175.06,4187.59,4152.07,4164.57,1090000
2023-08-31,4164.57,4177.06,4132.83,4145.26,1100000
2023-09-01,4145.26,4157.70,4104.92,4117.27,1110000
2023-09-04,4117.27,4129.62,4092.94,4105.25,1120000
2023-09-05,4105.25,4117.57,4072.35,4084.60,1130000
2023-09-06,4084.60,4096.85,4067.50,4079.74,1140000
2023-09-07,4079.74,4091.98,4054.10,4066.29,1150000
2023-09-08,4066.29,4078.49,4032.21,4044.34,1160000
2023-09-11,4044.34,4056.47,4025.96,4038.07,1170000
2023-09-12,4038.07,4050.18,4011.27,4023.34,1180000
2023-09-13,4023.34,4035.41,3988.24,4000.24,1190000
2023-09-14,4000.24,4012.24,3980.73,3992.70,1200000
2023-09-15,3992.70,4004.68,3964.91,3976.84,1210000
2023-09-18,3976.84,3988.77,3940.89,3952.75,1220000
2023-09-19,3952.75,3964.61,3932.26,3944.09,1230000
2023-09-20,3944.09,3955.92,3915.46,3927.24,1240000
2023-09-21,3927.24,3939.02,3890.60,3902.31,1250000
2023-09-22,3902.31,3914.01,3880.98,3892.66,1260000
2023-09-25,3892.66,3904.33,3863.34,3874.97,1270000
2023-09-26,3874.97,3886.59,3837.79,3849.34,1280000
2023-09-27,3849.34,3860.89,3827.31,3838.83,1290000
2023-09-28,3838.83,3850.35,3781.39,3792.77,1300000
2023-09-29,3792.77,3804.14,3728.45,3739.67,1310000
2023-10-02,3739.67,3750.89,3668.79,3679.83,1320000
2023-10-03,3679.83,3690.87,3624.77,3635.67,1330000
2023-10-04,3635.67,3646.58,3574.02,3584.77,1340000
2023-10-05,3584.77,3595.53,3562.70,3573.42,1350000
2023-10-06,3573.42,3584.14,3544.11,3554.78,1360000
2023-10-09,3554.78,3565.44,3539.47,3550.12,1370000
2023-10-10,3550.12,3560.77,3527.60,3538.22,1380000
2023-10-11,3538.22,3548.83,3508.58,3519.13,1390000
2023-10-12,3519.13,3529.69,3503.38,3513.93,1400000
2023-10-13,3513.93,3524.47,3491.07,3501.57,1410000
2023-10-16,3501.57,3512.08,3471.70,3482.15,1420000
2023-10-17,3482.15,3492.59,3466.05,3476.48,1430000
2023-10-18,3476.48,3486.91,3453.37,3463.76,1440000
2023-10-19,3463.76,3474.16,3433.75,3444.08,1450000
2023-10-20,3444.08,3454.41,3427.72,3438.03,1460000
2023-10-23,3438.03,3448.34,3414.76,3425.04,1470000
2023-10-24,3425.04,3435.83,3414.76,3425.56,1480000
2023-10-25,3425.56,3435.83,3408.90,3419.16,1490000
2023-10-26,3419.16,3429.42,3395.67,3405.88,1000000
2023-10-27,3405.88,3416.28,3395.67,3406.06,1010000
2023-10-30,3406.06,3416.28,3389.19,3399.39,1020000
2023-10-31,3399.39,3409.59,3375.73,3385.89,1030000
2023-11-01,3385.89,3396.05,3375.63,3385.79,1040000
2023-11-02,3385.79,3395.95,3368.75,3378.89,1050000
2023-11-03,3378.89,3389.02,3355.13,3365.22,1060000
2023-11-06,3365.22,3375.32,3354.80,3364.89,1070000
2023-11-07,3364.89,3374.99,3347.74,3357.82,1080000
2023-11-08,3357.82,3367.89,3334.00,3344.03,1090000
2023-11-09,3344.03,3354.07,3333.48,3343.51,1100000
2023-11-10,3343.51,3353.54,3326.30,3336.31,1110000
2023-11-13,3336.31,3346.32,3312.48,3322.45,1120000
2023-11-14,3322.45,3332.42,3311.81,3321.78,1130000
2023-11-15,3321.78,3331.74,3304.53,3314.47,1140000
2023-11-16,3314.47,3330.25,3304.53,3320.29,1150000
2023-11-17,3320.29,3330.25,3309.53,3319.49,1160000
2023-11-20,3319.49,3329.45,3302.14,3312.07,1170000
2023-11-21,3312.07,3327.73,3302.14,3317.78,1180000
2023-11-22,3317.78,3327.73,3306.92,3316.87,1190000
2023-11-23,3316.87,3326.82,3299.43,3309.36,1200000
2023-11-24,3309.36,3324.90,3299.43,3314.96,1210000
2023-11-27,3314.96,3324.90,3304.02,3313.96,1220000
2023-11-28,3313.96,3323.91,3296.45,3306.37,1230000
2023-11-29,3306.37,3321.81,3296.45,3311.88,1240000
2023-11-30,3311.88,3321.81,3300.86,3310.80,1250000
2023-12-01,3310.80,3320.73,3293.21,3303.12,1260000
2023-12-04,3303.12,3318.46,3293.21,3308.54,1270000
2023-12-05,3308.54,3318.46,3297.45,3307.37,1280000
2023-12-06,3307.37,3317.30,3289.72,3299.62,1290000
2023-12-07,3299.62,3314.86,3289.72,3304.94,1300000
2023-12-08,3304.94,3314.86,3293.77,3303.68,1310000
2023-12-11,3303.68,3325.44,3293.77,3315.50,1320000
2023-12-12,3315.50,3330.70,3305.55,3320.74,1330000
2023-12-13,3320.74,3330.70,3309.41,3319.37,1340000
2023-12-14,3319.37,3341.11,3309.41,3331.12,1350000
2023-12-15,3331.12,3346.27,3321.13,3336.27,1360000
2023-12-18,3336.27,3346.27,3324.75,3334.76,1370000
2023-12-19,3334.76,3356.46,3324.75,3346.42,1380000
2023-12-20,3346.42,3361.50,3336.39,3351.44,1390000
2023-12-21,3351.44,3361.50,3339.72,3349.77,1400000
2023-12-22,3349.77,3371.40,3339.72,3361.32,1410000
2023-12-25,3361.32,3376.27,3351.23,3366.17,1420000
2023-12-26,3366.17,3376.27,3354.20,3364.29,1430000
2023-12-27,3364.29,3385.81,3354.20,3375.68,1440000
2023-12-28,3375.68,3390.48,3365.56,3380.34,1450000
2023-12-29,3380.34,3390.48,3368.08,3378.21,1460000
2024-01-01,3378.21,3399.56,3368.08,3389.39,1470000
2024-01-02,3389.39,3403.98,3379.23,3393.80,1480000
2024-01-03,3393.80,3421.80,3383.62,3411.56,1490000
2024-01-04,3411.56,3432.82,3401.33,3422.55,1000000
2024-01-05,3422.55,3436.95,3412.28,3426.67,1010000
2024-01-08,3426.67,3454.60,3416.39,3444.26,1020000
2024-01-09,3444.26,3465.35,3433.93,3454.99,1030000
2024-01-10,3454.99,3469.13,3444.62,3458.76,1040000
2024-01-11,3458.76,3486.53,3448.38,3476.11,1050000
2024-01-12,3476.11,3496.95,3465.68,3486.49,1060000
2024-01-15,3486.49,3500.31,3476.03,3489.84,1070000
2024-01-16,3489.84,3517.38,3479.37,3506.86,1080000
2024-01-17,3506.86,3527.39,3496.34,3516.84,1090000
2024-01-18,3516.84,3530.24,3506.29,3519.68,1100000
2024-01-19,3519.68,3546.90,3509.12,3536.29,1110000
2024-01-22,3536.29,3556.40,3525.68,3545.76,1120000
2024-01-23,3545.76,3558.66,3535.13,3548.02,1130000
2024-01-24,3548.02,3574.82,3537.37,3564.12,1140000
2024-01-25,3564.12,3583.72,3553.43,3573.00,1150000
2024-01-26,3573.00,3606.62,3562.28,3595.83,1160000
2024-01-29,3595.83,3622.26,3585.05,3611.43,1170000
2024-01-30,3611.43,3630.52,3600.59,3619.66,1180000
2024-01-31,3619.66,3652.92,3608.80,3642.00,1190000
2024-02-01,3642.00,3667.94,3631.07,3656.96,1200000
2024-02-02,3656.96,3675.44,3645.99,3664.44,1210000
2024-02-05,3664.44,3697.22,3653.45,3686.16,1220000
2024-02-06,3686.16,3711.49,3675.11,3700.39,1230000
2024-02-07,3700.39,3718.11,3689.28,3706.99,1240000
2024-02-08,3706.99,3739.15,3695.87,3727.97,1250000
2024-02-09,3727.97,3752.54,3716.78,3741.32,1260000
2024-02-12,3741.32,3758.17,3730.09,3746.93,1270000
2024-02-13,3746.93,3778.33,3735.69,3767.03,1280000
2024-02-14,3767.03,3790.71,3755.73,3779.38,1290000
2024-02-15,3779.38,3795.22,3768.04,3783.87,1300000
2024-02-16,3783.87,3814.36,3772.51,3802.95,1310000
2024-02-19,3802.95,3825.61,3791.55,3814.17,1320000
2024-02-20,3814.17,3851.62,3802.73,3840.10,1330000
2024-02-21,3840.10,3869.72,3828.58,3858.15,1340000
2024-02-22,3858.15,3879.76,3846.57,3868.15,1350000
2024-02-23,3868.15,3904.73,3856.55,3893.05,1360000
2024-02-26,3893.05,3921.62,3881.37,3909.89,1370000
2024-02-27,3909.89,3930.29,3898.16,3918.54,1380000
2024-02-28,3918.54,3954.05,3906.78,3942.23,1390000
2024-02-29,3942.23,3969.58,3930.40,3957.71,1400000
2024-03-01,3957.71,3976.74,3945.83,3964.85,1410000
2024-03-04,3964.85,3999.13,3952.95,3987.17,1420000
2024-03-05,3987.17,4013.13,3975.21,4001.13,1430000
2024-03-06,4001.13,4018.64,3989.13,4006.62,1440000
2024-03-07,4006.62,4039.48,3994.60,4027.40,1450000
2024-03-08,4027.40,4051.81,4015.32,4039.69,1460000
2024-03-11,4039.69,4055.51,4027.57,4043.38,1470000
2024-03-12,4043.38,4074.66,4031.25,4062.47,1480000
2024-03-13,4062.47,4085.16,4050.28,4072.94,1490000
2024-03-14,4072.94,4111.22,4060.72,4098.93,1000000
2024-03-15,4098.93,4128.62,4086.63,4116.27,1010000
2024-03-18,4116.27,4137.20,4103.92,4124.83,1020000
2024-03-19,4124.83,4161.50,4112.45,4149.06,1030000
2024-03-20,4149.06,4176.97,4136.61,4164.48,1040000
2024-03-21,4164.48,4183.48,4151.98,4170.96,1050000
2024-03-22,4170.96,4205.84,4158.45,4193.26,1060000
2024-03-25,4193.26,4219.22,4180.68,4206.60,1070000
2024-03-26,4206.60,4223.50,4193.98,4210.86,1080000
2024-03-27,4210.86,4243.75,4198.23,4231.05,1090000
2024-03-28,4231.05,4254.88,4218.36,4242.16,1100000
2024-03-29,4242.16,4256.80,4229.43,4244.07,1110000
2024-04-01,4244.07,4274.79,4231.34,4262.00,1120000
2024-04-02,4262.00,4283.54,4249.22,4270.73,1130000
2024-04-03,4270.73,4283.54,4257.35,4270.16,1140000
2024-04-04,4270.16,4298.55,4257.35,4285.69,1150000
2024-04-05,4285.69,4304.80,4272.84,4291.92,1160000
2024-04-08,4291.92,4327.26,4279.05,4314.32,1170000
2024-04-09,4314.32,4340.38,4301.37,4327.39,1180000
2024-04-10,4327.39,4344.03,4314.41,4331.04,1190000
2024-04-11,4331.04,4364.02,4318.04,4350.97,1200000
2024-04-12,4350.97,4374.54,4337.92,4361.45,1210000
2024-04-15,4361.45,4375.49,4348.37,4362.40,1220000
2024-04-16,4362.40,4392.87,4349.31,4379.73,1230000
2024-04-17,4379.73,4400.66,4366.59,4387.50,1240000
2024-04-18,4387.50,4400.66,4372.49,4385.65,1250000
2024-04-19,4385.65,4413.45,4372.49,4400.25,1260000
2024-04-22,4400.25,4418.44,4387.05,4405.22,1270000
2024-04-23,4405.22,4418.44,4387.30,4400.50,1280000
2024-04-24,4400.50,4425.52,4387.30,4412.28,1290000
2024-04-25,4412.28,4427.61,4399.04,4414.37,1300000
2024-04-26,4414.37,4427.61,4393.51,4406.73,1310000
2024-04-29,4406.73,4428.86,4393.51,4415.61,1320000
2024-04-30,4415.61,4428.86,4401.53,4414.77,1330000
2024-05-01,4414.77,4443.75,4401.53,4430.46,1340000
2024-05-02,4430.46,4449.74,4417.17,4436.43,1350000
2024-05-03,4436.43,4449.74,4419.32,4432.62,1360000
2024-05-06,4432.62,4458.74,4419.32,4445.40,1370000
2024-05-07,4445.40,4461.75,4432.07,4448.41,1380000
2024-05-08,4448.41,4461.75,4428.27,4441.59,1390000
2024-05-09,4441.59,4464.76,4428.27,4451.41,1400000
2024-05-10,4451.41,4464.77,4438.05,4451.42,1410000
2024-05-13,4451.42,4464.77,4428.27,4441.60,1420000
2024-05-14,4441.60,4461.76,4428.27,4448.42,1430000
2024-05-15,4448.42,4461.76,4432.09,4445.43,1440000
2024-05-16,4445.43,4458.76,4419.33,4432.63,1450000
2024-05-17,4432.63,4449.76,4419.33,4436.45,1460000
2024-05-20,4436.45,4449.76,4417.20,4430.49,1470000
2024-05-21,4430.49,4443.78,4401.52,4414.76,1480000
2024-05-22,4414.76,4428.86,4401.52,4415.61,1490000
2024-05-23,4415.61,4428.86,4393.51,4406.73,1000000
2024-05-24,4406.73,4427.62,4393.51,4414.37,1010000
2024-05-27,4414.37,4427.62,4399.06,4412.30,1020000
2024-05-28,4412.30,4425.54,4387.30,4400.50,1030000
2024-05-29,4400.50,4418.45,4387.30,4405.24,1040000
2024-05-30,4405.24,4418.45,4387.08,4400.28,1050000
2024-05-31,4400.28,4413.48,4372.48,4385.64,1060000
2024-06-03,4385.64,4400.67,4372.48,4387.51,1070000
2024-06-04,4387.51,4400.67,4366.59,4379.73,1080000
2024-06-05,4379.73,4392.87,4349.26,4362.35,1090000
2024-06-06,4362.35,4375.44,4297.07,4310.00,1100000
2024-06-07,4310.00,4322.93,4236.91,4249.66,1110000
2024-06-10,4249.66,4262.41,4169.12,4181.67,1120000
2024-06-11,4181.67,4194.21,4119.09,4131.49,1130000
2024-06-12,4131.49,4143.88,4061.43,4073.65,1140000
2024-06-13,4073.65,4085.87,4040.25,4052.40,1150000
2024-06-14,4052.40,4064.56,4034.39,4046.53,1160000
2024-06-17,4046.53,4058.67,4019.73,4031.82,1170000
2024-06-18,4031.82,4044.46,4019.73,4032.37,1180000
2024-06-19,4032.37,4044.46,4012.05,4024.12,1190000
2024-06-20,4024.12,4036.19,3995.11,4007.13,1200000
2024-06-21,4007.13,4019.15,3993.32,4005.33,1210000
2024-06-24,4005.33,4017.35,3982.85,3994.83,1220000
2024-06-25,3994.83,4006.82,3963.76,3975.69,1230000
2024-06-26,3975.69,3987.61,3959.75,3971.66,1240000
2024-06-27,3971.66,3983.58,3947.16,3959.04,1250000
2024-06-28,3959.04,3970.92,3926.07,3937.89,1260000
2024-07-01,3937.89,3949.70,3919.97,3931.76,1270000
2024-07-02,3931.76,3943.56,3905.40,3917.16,1280000
2024-07-03,3917.16,3928.91,3882.47,3894.15,1290000
2024-07-04,3894.15,3905.84,3874.41,3886.07,1300000
2024-07-05,3886.07,3897.72,3858.02,3869.63,1310000
2024-07-08,3869.63,3881.24,3833.41,3844.95,1320000
2024-07-09,3844.95,3856.48,3823.54,3835.05,1330000
2024-07-10,3835.05,3846.55,3805.49,3816.95,1340000
2024-07-11,3816.95,3828.40,3802.03,3813.47,1350000
2024-07-12,3813.47,3824.91,3790.43,3801.83,1360000
2024-07-15,3801.83,3813.24,3770.77,3782.11,1370000
2024-07-16,3782.11,3793.46,3765.60,3776.93,1380000
2024-07-17,3776.93,3788.26,3752.42,3763.71,1390000
2024-07-18,3763.71,3775.00,3731.30,3742.52,1400000
2024-07-19,3742.52,3753.75,3724.57,3735.77,1410000
2024-07-22,3735.77,3746.98,3709.95,3721.11,1420000
2024-07-23,3721.11,3732.27,3687.52,3698.61,1430000
2024-07-24,3698.61,3709.71,3679.36,3690.43,1440000
2024-07-25,3690.43,3701.51,3663.45,3674.47,1450000
2024-07-26,3674.47,3685.50,3639.87,3650.83,1460000
2024-07-29,3650.83,3661.78,3630.43,3641.36,1470000
2024-07-30,3641.36,3652.28,3613.38,3624.25,1480000
2024-07-31,3624.25,3635.12,3588.81,3599.61,1490000
2024-08-01,3599.61,3610.40,3578.22,3588.99,1000000
2024-08-02,3588.99,3599.76,3560.17,3570.88,1010000
2024-08-05,3570.88,3581.60,3555.94,3566.64,1020000
2024-08-06,3566.64,3577.34,3544.29,3554.95,1030000
2024-08-07,3554.95,3565.61,3525.27,3535.88,1040000
2024-08-08,3535.88,3546.48,3519.98,3530.57,1050000
2024-08-09,3530.57,3541.16,3507.37,3517.93,1060000
2024-08-12,3517.93,3528.48,3487.52,3498.02,1070000
2024-08-13,3498.02,3508.51,3481.29,3491.77,1080000
2024-08-14,3491.77,3502.25,3467.86,3478.30,1090000
2024-08-15,3478.30,3488.73,3447.30,3457.67,1100000
2024-08-16,3457.67,3468.05,3440.25,3450.60,1110000
2024-08-19,3450.60,3460.95,3426.11,3436.41,1120000
2024-08-20,3436.41,3446.72,3404.96,3415.20,1130000
2024-08-21,3415.20,3425.45,3397.19,3407.41,1140000
2024-08-22,3407.41,3417.63,3382.45,3392.63,1150000
2024-08-23,3392.63,3402.81,3360.83,3370.95,1160000
2024-08-26,3370.95,3381.06,3352.45,3362.54,1170000
2024-08-27,3362.54,3372.63,3337.23,3347.27,1180000
2024-08-28,3347.27,3357.31,3335.10,3345.14,1190000
2024-08-29,3345.14,3355.17,3326.16,3336.17,1200000
2024-08-30,3336.17,3346.18,3310.46,3320.42,1210000
2024-09-02,3320.42,3330.38,3307.77,3317.73,1220000
2024-09-03,3317.73,3327.68,3298.36,3308.28,1230000
2024-09-04,3308.28,3318.21,3282.26,3292.14,1240000
2024-09-05,3292.14,3302.01,3279.10,3288.97,1250000
2024-09-06,3288.97,3298.84,3269.30,3279.13,1260000
2024-09-09,3279.13,3288.97,3252.89,3262.68,1270000
2024-09-10,3262.68,3272.46,3249.33,3259.11,1280000
2024-09-11,3259.11,3268.89,3239.21,3248.95,1290000
2024-09-12,3248.95,3258.70,3222.57,3232.26,1300000
2024-09-13,3232.26,3241.96,3218.68,3228.36,1310000
2024-09-16,3228.36,3238.05,3208.30,3217.96,1320000
2024-09-17,3217.96,3227.61,3191.50,3201.10,1330000
2024-09-18,3201.10,3210.70,3187.34,3196.93,1340000
2024-09-19,3196.93,3206.52,3176.78,3186.34,1350000
2024-09-20,3186.34,3197.90,3176.78,3188.33,1360000
2024-09-23,3188.33,3197.90,3174.38,3183.93,1370000
2024-09-24,3183.93,3193.48,3163.62,3173.14,1380000
2024-09-25,3173.14,3184.42,3163.62,3174.90,1390000
2024-09-26,3174.90,3184.42,3160.79,3170.30,1400000
2024-09-27,3170.30,3179.81,3149.88,3159.36,1410000
2024-09-30,3159.36,3170.41,3149.88,3160.93,1420000
2024-10-01,3160.93,3170.41,3146.71,3156.18,1430000
2024-10-02,3156.18,3165.65,3135.69,3145.12,1440000
2024-10-03,3145.12,3155.97,3135.69,3146.53,1450000
2024-10-04,3146.53,3155.97,3132.24,3141.66,1460000
2024-10-07,3141.66,3151.09,3121.14,3130.53,1470000
2024-10-08,3130.53,3141.20,3121.14,3131.81,1480000
2024-10-09,3131.81,3141.20,3117.46,3126.84,1490000
2024-10-10,3126.84,3136.23,3106.31,3115.65,1000000
2024-10-11,3115.65,3126.18,3106.31,3116.83,1010000
2024-10-14,3116.83,3126.18,3102.45,3111.79,1020000
2024-10-15,3111.79,3128.43,3102.45,3119.07,1030000
2024-10-16,3119.07,3129.52,3109.72,3120.16,1040000
2024-10-17,3120.16,3129.52,3105.69,3115.03,1050000
2024-10-18,3115.03,3131.61,3105.69,3122.24,1060000
2024-10-21,3122.24,3132.62,3112.87,3123.25,1070000
2024-10-22,3123.25,3132.62,3108.68,3118.03,1080000
2024-10-23,3118.03,3134.54,3108.68,3125.17,1090000
2024-10-24,3125.17,3135.47,3115.79,3126.09,1100000
2024-10-25,3126.09,3135.47,3111.43,3120.79,1110000
2024-10-28,3120.79,3137.23,3111.43,3127.85,1120000
2024-10-29,3127.85,3138.07,3118.46,3128.69,1130000
2024-10-30,3128.69,3138.07,3113.92,3123.29,1140000
2024-10-31,3123.29,3139.65,3113.92,3130.26,1150000
2024-11-01,3130.26,3140.39,3120.87,3131.00,1160000
2024-11-04,3131.00,3140.39,3116.12,3125.49,1170000
2024-11-05,3125.49,3141.75,3116.12,3132.35,1180000
2024-11-06,3132.35,3142.37,3122.96,3132.98,1190000
2024-11-07,3132.98,3155.42,3123.58,3145.98,1200000
2024-11-08,3145.98,3162.21,3136.54,3152.75,1210000
2024-11-11,3152.75,3162.69,3143.29,3153.23,1220000
2024-11-12,3153.23,3175.66,3143.77,3166.16,1230000
2024-11-13,3166.16,3182.32,3156.66,3172.81,1240000
2024-11-14,3172.81,3182.63,3163.29,3173.11,1250000
2024-11-15,3173.11,3195.49,3163.59,3185.93,1260000
2024-11-18,3185.93,3201.99,3176.37,3192.41,1270000
2024-11-19,3192.41,3202.08,3182.83,3192.50,1280000
2024-11-20,3192.50,3214.78,3182.92,3205.16,1290000
2024-11-21,3205.16,3221.07,3195.55,3211.44,1300000
2024-11-22,3211.44,3221.07,3201.62,3211.26,1310000
2024-11-25,3211.26,3233.39,3201.62,3223.72,1320000
2024-11-26,3223.72,3239.42,3214.05,3229.73,1330000
2024-11-27,3229.73,3239.42,3219.54,3229.23,1340000
2024-11-28,3229.23,3251.15,3219.54,3241.42,1350000
2024-11-29,3241.42,3256.85,3231.70,3247.11,1360000
2024-12-02,3247.11,3275.35,3237.37,3265.55,1370000
2024-12-03,3265.55,3287.32,3255.76,3277.49,1380000
2024-12-04,3277.49,3292.66,3267.65,3282.81,1390000
2024-12-05,3282.81,3310.92,3272.97,3301.02,1400000
2024-12-06,3301.02,3322.55,3291.12,3312.62,1410000
2024-12-09,3312.62,3327.46,3302.68,3317.51,1420000
2024-12-10,3317.51,3345.40,3307.56,3335.40,1430000
2024-12-11,3335.40,3356.61,3325.39,3346.57,1440000
2024-12-12,3346.57,3361.00,3336.53,3350.95,1450000
2024-12-13,3350.95,3378.53,3340.90,3368.42,1460000
2024-12-16,3368.42,3389.23,3358.32,3379.09,1470000
2024-12-17,3379.09,3393.01,3368.95,3382.86,1480000
2024-12-18,3382.86,3410.03,3372.72,3399.83,1490000
2024-12-19,3399.83,3420.12,3389.63,3409.89,1000000
2024-12-20,3409.89,3423.20,3399.66,3412.96,1010000
2024-12-23,3412.96,3439.61,3402.73,3429.32,1020000
2024-12-24,3429.32,3448.99,3419.03,3438.67,1030000
2024-12-25,3438.67,3471.80,3428.36,3461.41,1040000
2024-12-26,3461.41,3487.57,3451.03,3477.14,1050000
2024-12-27,3477.14,3496.19,3466.71,3485.74,1060000
2024-12-30,3485.74,3518.39,3475.28,3507.86,1070000
2024-12-31,3507.86,3533.41,3497.34,3522.84,1080000
